-- MySQL dump 10.13  Distrib 5.7.30, for Linux (x86_64)
--
-- Host: localhost    Database: TTS
-- ------------------------------------------------------
-- Server version	5.7.31

/*!40101 SET @OLD_CHARACTER_SET_CLIENT=@@CHARACTER_SET_CLIENT */;
/*!40101 SET @OLD_CHARACTER_SET_RESULTS=@@CHARACTER_SET_RESULTS */;
/*!40101 SET @OLD_COLLATION_CONNECTION=@@COLLATION_CONNECTION */;
/*!40101 SET NAMES utf8 */;
/*!40103 SET @OLD_TIME_ZONE=@@TIME_ZONE */;
/*!40103 SET TIME_ZONE='+00:00' */;
/*!40014 SET @OLD_UNIQUE_CHECKS=@@UNIQUE_CHECKS, UNIQUE_CHECKS=0 */;
/*!40014 SET @OLD_FOREIGN_KEY_CHECKS=@@FOREIGN_KEY_CHECKS, FOREIGN_KEY_CHECKS=0 */;
/*!40101 SET @OLD_SQL_MODE=@@SQL_MODE, SQL_MODE='NO_AUTO_VALUE_ON_ZERO' */;
/*!40111 SET @OLD_SQL_NOTES=@@SQL_NOTES, SQL_NOTES=0 */;

--
-- Current Database: `TTS`
--

CREATE DATABASE /*!32312 IF NOT EXISTS*/ `TTS` /*!40100 DEFAULT CHARACTER SET utf8mb4 COLLATE utf8mb4_unicode_ci */;

USE `TTS`;

--
-- Table structure for table `cm_role_tb`
--

DROP TABLE IF EXISTS `cm_role_tb`;
/*!40101 SET @saved_cs_client     = @@character_set_client */;
/*!40101 SET character_set_client = utf8 */;
CREATE TABLE `cm_role_tb` (
  `role_id` int(11) NOT NULL AUTO_INCREMENT,
  `created_dtm` datetime DEFAULT NULL,
  `creator_id` varchar(255) COLLATE utf8mb4_unicode_ci DEFAULT NULL,
  `descript` varchar(255) COLLATE utf8mb4_unicode_ci DEFAULT NULL,
  `role_name` varchar(255) COLLATE utf8mb4_unicode_ci DEFAULT NULL,
  `updated_dtm` datetime DEFAULT NULL,
  `updater_id` varchar(255) COLLATE utf8mb4_unicode_ci DEFAULT NULL,
  PRIMARY KEY (`role_id`)
) ENGINE=InnoDB AUTO_INCREMENT=2 DEFAULT CHARSET=utf8mb4 COLLATE=utf8mb4_unicode_ci;
/*!40101 SET character_set_client = @saved_cs_client */;

--
-- Dumping data for table `cm_role_tb`
--

LOCK TABLES `cm_role_tb` WRITE;
/*!40000 ALTER TABLE `cm_role_tb` DISABLE KEYS */;
INSERT INTO `cm_role_tb` VALUES (1,'2020-10-25 20:41:37','init','시스템 관리자','ADMIN','2020-10-25 20:41:37',NULL);
/*!40000 ALTER TABLE `cm_role_tb` ENABLE KEYS */;
UNLOCK TABLES;

--
-- Table structure for table `cm_user_tb`
--

DROP TABLE IF EXISTS `cm_user_tb`;
/*!40101 SET @saved_cs_client     = @@character_set_client */;
/*!40101 SET character_set_client = utf8 */;
CREATE TABLE `cm_user_tb` (
  `user_id` varchar(128) COLLATE utf8mb4_unicode_ci NOT NULL,
  `activated_yn` char(1) COLLATE utf8mb4_unicode_ci DEFAULT NULL,
  `created_dtm` datetime DEFAULT NULL,
  `creator_id` varchar(255) COLLATE utf8mb4_unicode_ci DEFAULT NULL,
  `password` varchar(255) COLLATE utf8mb4_unicode_ci DEFAULT NULL,
  `role_id` int(11) DEFAULT NULL,
  `updated_dtm` datetime DEFAULT NULL,
  `updater_id` varchar(255) COLLATE utf8mb4_unicode_ci DEFAULT NULL,
  `user_name` varchar(255) COLLATE utf8mb4_unicode_ci DEFAULT NULL,
  `login_fail_cnt` int(11) DEFAULT '0',
  `pw_chg_dtm` datetime DEFAULT NULL,
  PRIMARY KEY (`user_id`)
) ENGINE=InnoDB DEFAULT CHARSET=utf8mb4 COLLATE=utf8mb4_unicode_ci;
/*!40101 SET character_set_client = @saved_cs_client */;

--
-- Dumping data for table `cm_user_tb`
--

LOCK TABLES `cm_user_tb` WRITE;
/*!40000 ALTER TABLE `cm_user_tb` DISABLE KEYS */;
INSERT INTO `cm_user_tb` VALUES ('admin','Y','2020-10-25 20:41:37','init','$2a$10$mATI6Y6Am2/H12S3BDcXru0iXf3oj/kv.EhdBtKMQMJmLY6wkW/7a',1,'2021-02-04 21:30:55','admin','시스템 관리자',0,'2020-10-25 20:42:23');
/*!40000 ALTER TABLE `cm_user_tb` ENABLE KEYS */;
UNLOCK TABLES;

--
-- Table structure for table `mt_process_tb`
--

DROP TABLE IF EXISTS `mt_process_tb`;
/*!40101 SET @saved_cs_client     = @@character_set_client */;
/*!40101 SET character_set_client = utf8 */;
CREATE TABLE `mt_process_tb` (
  `process_no` bigint(20) NOT NULL AUTO_INCREMENT,
  `created_dtm` datetime DEFAULT NULL,
  `creator_id` varchar(255) COLLATE utf8mb4_unicode_ci DEFAULT NULL,
  `end_script_path` varchar(255) COLLATE utf8mb4_unicode_ci DEFAULT NULL,
  `process_name` varchar(255) COLLATE utf8mb4_unicode_ci NOT NULL,
  `start_script_path` varchar(255) COLLATE utf8mb4_unicode_ci DEFAULT NULL,
  `state_script_path` varchar(255) COLLATE utf8mb4_unicode_ci DEFAULT NULL,
  `updated_dtm` datetime DEFAULT NULL,
  `updater_id` varchar(255) COLLATE utf8mb4_unicode_ci DEFAULT NULL,
  `use_yn` char(1) COLLATE utf8mb4_unicode_ci DEFAULT NULL,
  `auto_recovery` char(1) COLLATE utf8mb4_unicode_ci DEFAULT NULL,
  PRIMARY KEY (`process_no`)
) ENGINE=InnoDB AUTO_INCREMENT=122 DEFAULT CHARSET=utf8mb4 COLLATE=utf8mb4_unicode_ci;
/*!40101 SET character_set_client = @saved_cs_client */;

--
-- Dumping data for table `mt_process_tb`
--

LOCK TABLES `mt_process_tb` WRITE;
/*!40000 ALTER TABLE `mt_process_tb` DISABLE KEYS */;
INSERT INTO `mt_process_tb` VALUES (93,'2020-05-27 14:55:31','admin','/srv/maum/bin/coreTtsDockerStop.sh 9999','core_tts_9999','/srv/maum/bin/coreTtsDockerStart.sh 9999 172.17.0.1:30101 172.17.0.1:35101 2 150','/srv/maum/bin/coreTtsDockerStatus.sh 9999','2020-08-26 11:12:04','admin','Y','N'),(111,'2020-05-27 15:08:08','admin','/srv/maum/bin/tts-stop dev','custom_19999','/srv/maum/bin/tts-start dev','/srv/maum/bin/tts-status dev','2020-05-27 15:09:56','admin','Y','N'),(121,'2020-05-27 15:12:12','admin','/srv/maum/bin/rest-stop dev','rest 9998','/srv/maum/bin/rest-start dev','/srv/maum/bin/rest-status dev','2020-07-28 17:08:51','admin','Y','N');
/*!40000 ALTER TABLE `mt_process_tb` ENABLE KEYS */;
UNLOCK TABLES;

--
-- Table structure for table `mt_resource_information_tb`
--

DROP TABLE IF EXISTS `mt_resource_information_tb`;
/*!40101 SET @saved_cs_client     = @@character_set_client */;
/*!40101 SET character_set_client = utf8 */;
CREATE TABLE `mt_resource_information_tb` (
  `pk` bigint(20) NOT NULL,
  `memory_max` bigint(20) DEFAULT NULL,
  `storage_max` bigint(20) DEFAULT NULL,
  PRIMARY KEY (`pk`)
) ENGINE=InnoDB DEFAULT CHARSET=utf8mb4 COLLATE=utf8mb4_unicode_ci;
/*!40101 SET character_set_client = @saved_cs_client */;

--
-- Dumping data for table `mt_resource_information_tb`
--

LOCK TABLES `mt_resource_information_tb` WRITE;
/*!40000 ALTER TABLE `mt_resource_information_tb` DISABLE KEYS */;
INSERT INTO `mt_resource_information_tb` VALUES (1,31961,24073);
/*!40000 ALTER TABLE `mt_resource_information_tb` ENABLE KEYS */;
UNLOCK TABLES;

--
-- Table structure for table `mt_resource_tb`
--

DROP TABLE IF EXISTS `mt_resource_tb`;
/*!40101 SET @saved_cs_client     = @@character_set_client */;
/*!40101 SET character_set_client = utf8 */;
CREATE TABLE `mt_resource_tb` (
  `resource_id` bigint(20) NOT NULL AUTO_INCREMENT,
  `cpu_usage_rate` float DEFAULT NULL,
  `created_dtm` datetime DEFAULT NULL,
  `gpu_usage_rate` float DEFAULT NULL,
  `memory_available` int(11) DEFAULT NULL,
  `storage_space` int(11) DEFAULT NULL,
  PRIMARY KEY (`resource_id`)
) ENGINE=InnoDB AUTO_INCREMENT=301236 DEFAULT CHARSET=utf8mb4 COLLATE=utf8mb4_unicode_ci;
/*!40101 SET character_set_client = @saved_cs_client */;

--
-- Dumping data for table `mt_resource_tb`
--

LOCK TABLES `mt_resource_tb` WRITE;
/*!40000 ALTER TABLE `mt_resource_tb` DISABLE KEYS */;
INSERT INTO `mt_resource_tb` VALUES (301225,9.3,'2020-04-06 16:00:31',0,8823,3224),(301226,1,'2020-04-06 16:01:31',0,8824,3224),(301227,0.5,'2020-04-06 16:02:31',0,8824,3224),(301228,1,'2020-04-06 16:03:31',0,8826,3230),(301229,2.1,'2020-04-06 16:04:31',0,8823,3225),(301230,9.8,'2020-04-06 16:05:32',0,8824,3224),(301231,1.6,'2020-04-06 16:06:32',0,8823,3224),(301232,0.5,'2020-04-06 16:07:32',0,8826,3224),(301233,0,'2020-04-06 16:08:32',0,8824,3228),(301234,0.5,'2020-04-06 16:09:32',0,8818,3224),(301235,7.6,'2020-04-06 16:10:32',0,8808,3224);
/*!40000 ALTER TABLE `mt_resource_tb` ENABLE KEYS */;
UNLOCK TABLES;

--
-- Table structure for table `mt_threshold_tb`
--

DROP TABLE IF EXISTS `mt_threshold_tb`;
/*!40101 SET @saved_cs_client     = @@character_set_client */;
/*!40101 SET character_set_client = utf8 */;
CREATE TABLE `mt_threshold_tb` (
  `sortation` varchar(128) COLLATE utf8mb4_unicode_ci NOT NULL,
  `created_dtm` datetime DEFAULT NULL,
  `creator_id` varchar(255) COLLATE utf8mb4_unicode_ci DEFAULT NULL,
  `threshold_caution` int(11) DEFAULT NULL,
  `threshold_danger` int(11) DEFAULT NULL,
  `threshold_warning` int(11) DEFAULT NULL,
  `updated_dtm` datetime DEFAULT NULL,
  `updater_id` varchar(255) COLLATE utf8mb4_unicode_ci DEFAULT NULL,
  PRIMARY KEY (`sortation`)
) ENGINE=InnoDB DEFAULT CHARSET=utf8mb4 COLLATE=utf8mb4_unicode_ci;
/*!40101 SET character_set_client = @saved_cs_client */;

--
-- Dumping data for table `mt_threshold_tb`
--

LOCK TABLES `mt_threshold_tb` WRITE;
/*!40000 ALTER TABLE `mt_threshold_tb` DISABLE KEYS */;
INSERT INTO `mt_threshold_tb` VALUES ('cpu',NULL,'admin',70,90,80,'2020-02-26 15:46:45','admin'),('gpu',NULL,'admin',70,90,80,'2020-02-26 15:46:45','admin'),('memory',NULL,'admin',3000,1000,2000,'2020-02-26 15:46:45','admin'),('storage',NULL,'admin',3000,500,2000,'2020-02-26 15:46:45','admin');
/*!40000 ALTER TABLE `mt_threshold_tb` ENABLE KEYS */;
UNLOCK TABLES;

--
-- Table structure for table `pc_history_tb`
--

DROP TABLE IF EXISTS `pc_history_tb`;
/*!40101 SET @saved_cs_client     = @@character_set_client */;
/*!40101 SET character_set_client = utf8 */;
CREATE TABLE `pc_history_tb` (
  `history_id` bigint(20) NOT NULL AUTO_INCREMENT,
  `created_dtm` datetime DEFAULT NULL,
  `process_id` bigint(20) DEFAULT NULL,
  `process_no` bigint(20) DEFAULT NULL,
  `process_status` varchar(255) COLLATE utf8mb4_unicode_ci DEFAULT NULL,
  PRIMARY KEY (`history_id`),
  KEY `FKic9vqyuyxyqqmaft0i90j4fi8` (`process_no`),
  CONSTRAINT `FKic9vqyuyxyqqmaft0i90j4fi8` FOREIGN KEY (`process_no`) REFERENCES `mt_process_tb` (`process_no`)
) ENGINE=InnoDB AUTO_INCREMENT=3328 DEFAULT CHARSET=utf8mb4 COLLATE=utf8mb4_unicode_ci;
/*!40101 SET character_set_client = @saved_cs_client */;

--
-- Dumping data for table `pc_history_tb`
--

LOCK TABLES `pc_history_tb` WRITE;
/*!40000 ALTER TABLE `pc_history_tb` DISABLE KEYS */;
INSERT INTO `pc_history_tb` VALUES (1780,'2020-05-27 14:56:29',0,93,'Stopped'),(1789,'2020-05-27 14:59:41',50986,93,'Running'),(1801,'2020-05-27 15:08:53',0,111,'Stopped'),(1813,'2020-05-27 15:13:01',0,121,'Stopped'),(1815,'2020-05-27 15:13:02',0,93,'Stopped'),(1816,'2020-05-27 15:13:28',62646,111,'Running'),(1826,'2020-05-27 15:13:33',63745,121,'Running'),(1851,'2020-05-27 15:21:48',0,111,'Stopped'),(1852,'2020-05-27 15:21:49',80836,111,'Running'),(1859,'2020-05-27 15:23:32',4565,93,'Running'),(1871,'2020-05-27 20:00:19',0,93,'Stopped'),(1872,'2020-05-27 20:01:24',4565,93,'Running'),(1899,'2020-05-30 14:27:04',0,93,'Stopped'),(1900,'2020-05-30 14:28:08',4565,93,'Running'),(1925,'2020-06-02 12:35:36',0,93,'Stopped'),(1926,'2020-06-02 12:36:41',4565,93,'Running'),(1935,'2020-06-03 06:35:34',0,93,'Stopped'),(1936,'2020-06-03 06:36:39',4565,93,'Running'),(2059,'2020-06-05 15:13:15',0,111,'Stopped'),(2069,'2020-06-05 15:13:28',48162,111,'Running'),(2079,'2020-06-05 15:22:17',0,111,'Stopped'),(2081,'2020-06-05 15:22:17',0,111,'Stopped'),(2090,'2020-06-05 15:22:24',68577,111,'Running'),(2122,'2020-06-06 12:24:41',0,93,'Stopped'),(2123,'2020-06-06 12:25:47',4565,93,'Running'),(2128,'2020-06-06 18:54:22',0,93,'Stopped'),(2129,'2020-06-06 18:55:28',4565,93,'Running'),(2217,'2020-06-09 10:19:56',0,93,'Stopped'),(2218,'2020-06-09 10:21:02',4565,93,'Running'),(2225,'2020-06-10 01:31:33',0,93,'Stopped'),(2226,'2020-06-10 01:32:39',4565,93,'Running'),(2278,'2020-06-14 11:21:11',0,93,'Stopped'),(2279,'2020-06-14 11:22:16',4565,93,'Running'),(2280,'2020-06-15 03:24:43',0,93,'Stopped'),(2281,'2020-06-15 03:25:49',4565,93,'Running'),(2292,'2020-06-16 08:21:55',0,93,'Stopped'),(2293,'2020-06-16 08:23:01',4565,93,'Running'),(2338,'2020-06-20 12:11:14',0,93,'Stopped'),(2339,'2020-06-20 12:12:20',4565,93,'Running'),(2348,'2020-06-21 02:08:54',0,93,'Stopped'),(2349,'2020-06-21 02:10:01',4565,93,'Running'),(2358,'2020-06-22 11:25:23',0,93,'Stopped'),(2359,'2020-06-22 11:26:29',4565,93,'Running'),(2380,'2020-06-24 16:16:05',0,93,'Stopped'),(2381,'2020-06-24 16:17:11',4565,93,'Running'),(2412,'2020-06-29 00:05:28',0,93,'Stopped'),(2413,'2020-06-29 00:06:34',4565,93,'Running'),(2448,'2020-07-02 06:23:11',0,93,'Stopped'),(2449,'2020-07-02 06:24:17',4565,93,'Running'),(2456,'2020-07-02 12:58:57',0,93,'Stopped'),(2457,'2020-07-02 13:00:03',4565,93,'Running'),(2492,'2020-07-05 20:38:34',0,93,'Stopped'),(2493,'2020-07-05 20:39:40',4565,93,'Running'),(2494,'2020-07-05 20:47:23',0,93,'Stopped'),(2495,'2020-07-05 20:48:28',4565,93,'Running'),(2496,'2020-07-06 00:01:24',0,93,'Stopped'),(2497,'2020-07-06 00:02:31',4565,93,'Running'),(2532,'2020-07-08 15:37:02',0,93,'Stopped'),(2533,'2020-07-08 15:38:09',4565,93,'Running'),(2564,'2020-07-11 11:50:38',0,93,'Stopped'),(2565,'2020-07-11 11:51:44',4565,93,'Running'),(2588,'2020-07-13 10:13:09',0,93,'Stopped'),(2589,'2020-07-13 10:14:15',4565,93,'Running'),(2612,'2020-07-13 14:48:12',0,93,'Stopped'),(2622,'2020-07-13 14:48:12',31853,111,'Running'),(2632,'2020-07-13 14:48:13',0,121,'Stopped'),(2634,'2020-07-13 15:45:03',0,111,'Stopped'),(2638,'2020-07-13 16:07:27',850,93,'Running'),(2639,'2020-07-13 16:07:28',850,93,'Running'),(2640,'2020-07-13 16:08:21',1866,111,'Running'),(2641,'2020-07-13 21:01:21',0,93,'Stopped'),(2642,'2020-07-13 21:02:23',850,93,'Running'),(2643,'2020-07-14 00:52:13',0,93,'Stopped'),(2644,'2020-07-14 00:53:16',850,93,'Running'),(2645,'2020-07-14 10:26:19',0,93,'Stopped'),(2646,'2020-07-14 10:27:22',850,93,'Running'),(2647,'2020-07-14 20:28:46',0,93,'Stopped'),(2648,'2020-07-14 20:29:49',850,93,'Running'),(2649,'2020-07-14 22:27:23',0,93,'Stopped'),(2650,'2020-07-14 22:28:26',850,93,'Running'),(2651,'2020-07-15 13:21:34',0,93,'Stopped'),(2652,'2020-07-15 13:22:37',850,93,'Running'),(2653,'2020-07-15 21:09:40',0,93,'Stopped'),(2654,'2020-07-15 21:10:43',850,93,'Running'),(2655,'2020-07-15 22:31:32',0,93,'Stopped'),(2656,'2020-07-15 22:32:36',850,93,'Running'),(2657,'2020-07-16 02:05:39',0,93,'Stopped'),(2658,'2020-07-16 02:06:43',850,93,'Running'),(2659,'2020-07-16 04:11:34',0,93,'Stopped'),(2660,'2020-07-16 04:12:37',850,93,'Running'),(2661,'2020-07-16 09:58:58',0,93,'Stopped'),(2662,'2020-07-16 10:00:01',850,93,'Running'),(2663,'2020-07-16 23:40:47',0,93,'Stopped'),(2664,'2020-07-16 23:41:50',850,93,'Running'),(2665,'2020-07-17 13:21:32',0,93,'Stopped'),(2666,'2020-07-17 13:22:35',850,93,'Running'),(2667,'2020-07-17 18:50:03',0,93,'Stopped'),(2668,'2020-07-17 18:51:06',850,93,'Running'),(2669,'2020-07-17 22:22:03',0,93,'Stopped'),(2670,'2020-07-17 22:23:06',850,93,'Running'),(2671,'2020-07-18 09:45:18',0,93,'Stopped'),(2672,'2020-07-18 09:46:22',850,93,'Running'),(2673,'2020-07-19 07:27:51',0,93,'Stopped'),(2674,'2020-07-19 07:28:54',850,93,'Running'),(2675,'2020-07-19 19:54:08',0,93,'Stopped'),(2676,'2020-07-19 19:55:11',850,93,'Running'),(2677,'2020-07-20 06:41:44',0,93,'Stopped'),(2678,'2020-07-20 06:42:47',850,93,'Running'),(2679,'2020-07-20 07:07:59',0,93,'Stopped'),(2680,'2020-07-20 07:09:02',850,93,'Running'),(2681,'2020-07-20 08:36:09',0,93,'Stopped'),(2682,'2020-07-20 08:37:12',850,93,'Running'),(2683,'2020-07-20 13:09:03',0,93,'Stopped'),(2684,'2020-07-20 13:10:06',850,93,'Running'),(2685,'2020-07-21 02:50:57',0,93,'Stopped'),(2686,'2020-07-21 02:52:00',850,93,'Running'),(2687,'2020-07-22 00:38:41',0,93,'Stopped'),(2688,'2020-07-22 00:39:44',850,93,'Running'),(2689,'2020-07-22 05:11:33',0,93,'Stopped'),(2690,'2020-07-22 05:12:36',850,93,'Running'),(2691,'2020-07-22 08:34:06',0,93,'Stopped'),(2692,'2020-07-22 08:35:09',850,93,'Running'),(2693,'2020-07-22 10:39:00',0,93,'Stopped'),(2694,'2020-07-22 10:40:03',850,93,'Running'),(2695,'2020-07-22 11:01:03',0,93,'Stopped'),(2696,'2020-07-22 11:02:06',850,93,'Running'),(2697,'2020-07-22 13:31:21',14324,121,'Running'),(2698,'2020-07-23 00:44:24',0,93,'Stopped'),(2699,'2020-07-23 00:45:27',850,93,'Running'),(2700,'2020-07-23 13:03:48',0,93,'Stopped'),(2701,'2020-07-23 13:04:51',850,93,'Running'),(2702,'2020-07-23 13:15:21',0,93,'Stopped'),(2703,'2020-07-23 13:16:24',850,93,'Running'),(2704,'2020-07-23 18:56:44',0,93,'Stopped'),(2705,'2020-07-23 18:57:47',850,93,'Running'),(2706,'2020-07-23 22:09:59',0,93,'Stopped'),(2707,'2020-07-23 22:11:02',850,93,'Running'),(2708,'2020-07-24 04:27:01',0,93,'Stopped'),(2709,'2020-07-24 04:28:04',850,93,'Running'),(2710,'2020-07-24 11:18:42',0,93,'Stopped'),(2711,'2020-07-24 11:19:45',850,93,'Running'),(2712,'2020-07-25 05:37:20',0,93,'Stopped'),(2713,'2020-07-25 05:38:23',850,93,'Running'),(2714,'2020-07-25 07:06:38',0,93,'Stopped'),(2715,'2020-07-25 07:07:41',850,93,'Running'),(2716,'2020-07-25 11:39:43',0,93,'Stopped'),(2717,'2020-07-25 11:40:46',850,93,'Running'),(2718,'2020-07-25 13:01:38',0,93,'Stopped'),(2719,'2020-07-25 13:02:42',850,93,'Running'),(2720,'2020-07-25 13:30:00',0,93,'Stopped'),(2721,'2020-07-25 13:31:03',850,93,'Running'),(2722,'2020-07-26 03:11:21',0,93,'Stopped'),(2723,'2020-07-26 03:12:24',850,93,'Running'),(2724,'2020-07-26 04:40:38',0,93,'Stopped'),(2725,'2020-07-26 04:41:41',850,93,'Running'),(2726,'2020-07-26 17:07:28',0,93,'Stopped'),(2727,'2020-07-26 17:08:31',850,93,'Running'),(2728,'2020-07-26 22:21:31',0,93,'Stopped'),(2729,'2020-07-26 22:22:34',850,93,'Running'),(2730,'2020-07-27 10:32:33',0,93,'Stopped'),(2731,'2020-07-27 10:33:36',850,93,'Running'),(2732,'2020-07-27 12:11:25',0,93,'Stopped'),(2733,'2020-07-27 12:12:29',850,93,'Running'),(2738,'2020-07-27 13:03:16',0,93,'Stopped'),(2739,'2020-07-27 13:03:17',0,111,'Stopped'),(2740,'2020-07-27 13:03:17',0,121,'Stopped'),(2746,'2020-07-27 13:11:14',23073,93,'Running'),(2747,'2020-07-27 13:11:29',23246,121,'Running'),(2749,'2020-07-27 13:12:58',24544,111,'Running'),(2753,'2020-07-27 13:42:19',0,93,'Stopped'),(2754,'2020-07-27 13:42:20',0,111,'Stopped'),(2755,'2020-07-27 13:42:20',0,121,'Stopped'),(2759,'2020-07-27 13:44:06',6373,93,'Running'),(2760,'2020-07-27 13:44:11',6609,111,'Running'),(2761,'2020-07-27 13:44:14',6743,121,'Running'),(2764,'2020-07-27 14:17:32',0,111,'Stopped'),(2765,'2020-07-27 14:17:34',15753,111,'Running'),(2766,'2020-07-28 15:00:55',0,121,'Stopped'),(2767,'2020-07-28 15:01:20',30244,121,'Running'),(2791,'2020-07-28 16:53:17',0,121,'Stopped'),(2798,'2020-07-28 16:58:22',1783,121,'Running'),(2799,'2020-07-28 17:08:57',0,121,'Stopped'),(2800,'2020-07-28 17:09:00',19920,121,'Running'),(2816,'2020-07-29 14:17:08',0,111,'Stopped'),(2817,'2020-07-29 14:17:08',23529,111,'Running'),(2818,'2020-07-29 14:17:57',23529,111,'Running'),(2823,'2020-07-31 10:37:59',0,93,'Stopped'),(2825,'2020-07-31 10:39:00',6373,93,'Running'),(2834,'2020-07-31 11:06:33',0,121,'Stopped'),(2835,'2020-07-31 11:06:42',25048,121,'Running'),(2836,'2020-07-31 11:07:12',0,121,'Stopped'),(2837,'2020-07-31 11:07:19',26592,121,'Running'),(2846,'2020-08-02 08:07:42',0,93,'Stopped'),(2847,'2020-08-02 08:08:44',6373,93,'Running'),(2859,'2020-08-04 19:05:27',0,93,'Stopped'),(2860,'2020-08-04 19:06:28',6373,93,'Running'),(2861,'2020-08-06 10:34:25',0,93,'Stopped'),(2862,'2020-08-06 10:35:27',6373,93,'Running'),(2863,'2020-08-11 12:20:27',0,93,'Stopped'),(2864,'2020-08-11 12:21:29',6373,93,'Running'),(2871,'2020-08-12 18:00:35',0,93,'Stopped'),(2872,'2020-08-12 18:01:38',6373,93,'Running'),(2877,'2020-08-16 15:31:01',0,93,'Stopped'),(2878,'2020-08-16 15:32:03',6373,93,'Running'),(2896,'2020-08-26 06:50:30',0,93,'Stopped'),(2897,'2020-08-26 06:51:32',6373,93,'Running'),(2898,'2020-08-26 10:55:16',0,93,'Stopped'),(2899,'2020-08-26 11:10:51',12108,93,'Running'),(2900,'2020-08-26 11:11:02',0,93,'Stopped'),(2901,'2020-08-26 11:12:10',15005,93,'Running'),(2996,'2020-09-08 04:00:26',10484,93,'Running'),(2997,'2020-09-08 04:00:26',20772,111,'Running'),(2998,'2020-09-08 04:00:26',17399,121,'Running'),(3004,'2020-09-10 22:46:14',0,93,'Stopped'),(3005,'2020-09-10 22:49:17',5552,93,'Running'),(3006,'2020-09-10 22:49:17',0,111,'Stopped'),(3007,'2020-09-10 22:50:18',0,93,'Stopped'),(3008,'2020-09-10 22:54:22',9221,93,'Running'),(3010,'2020-09-10 22:59:28',12803,111,'Running'),(3011,'2020-09-10 23:00:30',0,111,'Stopped'),(3012,'2020-09-11 00:07:46',26662,111,'Running'),(3013,'2020-09-11 01:37:30',23066,111,'Running'),(3014,'2020-09-11 01:38:31',0,111,'Stopped'),(3015,'2020-09-11 01:39:33',24257,111,'Running'),(3018,'2020-09-11 09:32:30',23012,111,'Running'),(3019,'2020-09-11 09:34:32',24609,111,'Running'),(3020,'2020-09-11 09:47:47',0,111,'Stopped'),(3021,'2020-09-11 09:48:48',1617,111,'Running'),(3022,'2020-09-11 12:53:19',28972,111,'Running'),(3023,'2020-09-11 16:45:44',24258,111,'Running'),(3024,'2020-09-11 17:11:13',0,111,'Stopped'),(3025,'2020-09-11 17:12:14',10582,111,'Running'),(3026,'2020-09-12 04:35:57',0,93,'Stopped'),(3027,'2020-09-12 04:36:58',9221,93,'Running'),(3028,'2020-09-14 09:42:32',0,111,'Stopped'),(3029,'2020-09-14 09:52:43',5005,111,'Running'),(3030,'2020-09-14 10:06:59',0,111,'Stopped'),(3031,'2020-09-14 10:08:00',15970,111,'Running'),(3032,'2020-09-14 10:17:10',22108,111,'Running'),(3033,'2020-09-14 11:08:08',0,111,'Stopped'),(3034,'2020-09-14 11:25:28',3306,111,'Running'),(3035,'2020-09-14 11:29:32',6415,111,'Running'),(3036,'2020-09-14 11:49:55',20338,111,'Running'),(3037,'2020-09-14 12:18:28',7133,111,'Running'),(3038,'2020-09-14 13:18:37',0,111,'Stopped'),(3039,'2020-09-14 13:21:40',17448,111,'Running'),(3040,'2020-09-14 13:30:50',24013,111,'Running'),(3041,'2020-09-14 13:33:54',26108,111,'Running'),(3042,'2020-09-14 13:36:57',28166,111,'Running'),(3043,'2020-09-14 13:37:59',0,111,'Stopped'),(3044,'2020-09-14 13:40:01',30278,111,'Running'),(3045,'2020-09-14 13:42:03',31807,111,'Running'),(3046,'2020-09-14 13:43:04',0,111,'Stopped'),(3047,'2020-09-14 13:57:21',9719,111,'Running'),(3048,'2020-09-14 14:01:26',12601,111,'Running'),(3049,'2020-09-14 14:03:28',0,111,'Stopped'),(3050,'2020-09-14 14:34:03',1927,111,'Running'),(3051,'2020-09-14 14:51:22',13750,111,'Running'),(3052,'2020-09-14 15:01:34',0,111,'Stopped'),(3053,'2020-09-14 15:07:41',24868,111,'Running'),(3054,'2020-09-14 15:22:58',2686,111,'Running'),(3055,'2020-09-14 16:08:51',1375,111,'Running'),(3056,'2020-09-14 16:55:44',0,111,'Stopped'),(3057,'2020-09-14 16:56:45',1495,111,'Running'),(3058,'2020-09-14 17:29:23',0,111,'Stopped'),(3059,'2020-09-14 17:30:24',24625,111,'Running'),(3060,'2020-09-14 19:10:18',0,111,'Stopped'),(3061,'2020-09-14 19:11:19',27980,111,'Running'),(3062,'2020-09-14 19:16:25',0,111,'Stopped'),(3063,'2020-09-14 19:20:30',1589,111,'Running'),(3064,'2020-09-14 19:27:38',6697,111,'Running'),(3065,'2020-09-14 19:42:55',0,111,'Stopped'),(3066,'2020-09-14 19:45:59',19257,111,'Running'),(3067,'2020-09-14 20:03:18',0,111,'Stopped'),(3068,'2020-09-14 20:04:19',31555,111,'Running'),(3069,'2020-09-14 20:21:39',11029,111,'Running'),(3070,'2020-09-15 03:44:58',0,93,'Stopped'),(3071,'2020-09-15 03:46:00',9221,93,'Running'),(3072,'2020-09-15 09:31:25',0,111,'Stopped'),(3073,'2020-09-15 09:32:26',26688,111,'Running'),(3074,'2020-09-15 12:20:41',0,111,'Stopped'),(3075,'2020-09-15 12:21:42',11780,111,'Running'),(3076,'2020-09-15 12:23:44',13335,111,'Running'),(3077,'2020-09-15 12:26:48',15509,111,'Running'),(3078,'2020-09-15 12:53:18',909,111,'Running'),(3079,'2020-09-15 13:00:26',0,111,'Stopped'),(3080,'2020-09-15 13:01:27',6715,111,'Running'),(3081,'2020-09-15 13:10:38',0,111,'Stopped'),(3082,'2020-09-15 13:11:39',13549,111,'Running'),(3083,'2020-09-15 13:17:46',0,111,'Stopped'),(3084,'2020-09-15 13:18:47',18297,111,'Running'),(3085,'2020-09-15 13:21:50',0,111,'Stopped'),(3086,'2020-09-15 13:22:51',21051,111,'Running'),(3087,'2020-09-15 13:25:55',23408,111,'Running'),(3088,'2020-09-15 14:15:19',0,111,'Stopped'),(3089,'2020-09-15 14:16:20',25455,111,'Running'),(3090,'2020-09-15 14:34:41',0,111,'Stopped'),(3091,'2020-09-15 14:35:42',5963,111,'Running'),(3092,'2020-09-15 15:10:21',0,111,'Stopped'),(3093,'2020-09-15 15:15:27',474,111,'Running'),(3094,'2020-09-15 15:22:35',0,111,'Stopped'),(3095,'2020-09-15 15:23:36',6050,111,'Running'),(3096,'2020-09-15 15:48:04',22944,111,'Running'),(3097,'2020-09-15 15:50:07',0,111,'Stopped'),(3098,'2020-09-15 15:51:08',24909,111,'Running'),(3099,'2020-09-15 15:54:11',0,111,'Stopped'),(3100,'2020-09-15 15:55:13',27756,111,'Running'),(3101,'2020-09-15 15:56:13',28697,93,'Running'),(3102,'2020-09-15 15:58:16',0,111,'Stopped'),(3103,'2020-09-15 15:59:17',30818,111,'Running'),(3104,'2020-09-15 16:01:19',32232,111,'Running'),(3105,'2020-09-16 07:57:11',32200,111,'Running'),(3106,'2020-09-16 08:16:32',0,111,'Stopped'),(3107,'2020-09-16 08:27:45',20744,111,'Running'),(3108,'2020-09-16 08:36:55',0,111,'Stopped'),(3109,'2020-09-16 08:44:03',31602,111,'Running'),(3110,'2020-09-16 08:49:09',0,111,'Stopped'),(3111,'2020-09-16 08:58:19',9230,111,'Running'),(3112,'2020-09-16 09:23:48',0,111,'Stopped'),(3113,'2020-09-16 09:24:49',27217,111,'Running'),(3114,'2020-09-16 09:52:20',0,111,'Stopped'),(3115,'2020-09-16 09:53:21',14046,111,'Running'),(3116,'2020-09-16 10:55:38',0,111,'Stopped'),(3117,'2020-09-16 10:56:39',25245,111,'Running'),(3118,'2020-09-16 11:17:02',0,111,'Stopped'),(3119,'2020-09-16 11:30:16',15482,111,'Running'),(3120,'2020-09-16 11:35:22',0,111,'Stopped'),(3121,'2020-09-16 11:36:23',19779,111,'Running'),(3122,'2020-09-17 08:48:15',0,111,'Stopped'),(3123,'2020-09-17 08:49:17',8802,111,'Running'),(3124,'2020-09-17 09:15:47',0,111,'Stopped'),(3125,'2020-09-17 09:16:49',27528,111,'Running'),(3126,'2020-09-17 09:32:06',5806,111,'Running'),(3127,'2020-09-17 10:06:46',29498,111,'Running'),(3145,'2020-09-23 11:38:47',0,111,'Stopped'),(3146,'2020-09-23 11:40:49',21339,111,'Running'),(3147,'2020-09-23 11:59:10',0,111,'Stopped'),(3148,'2020-09-23 12:01:13',2613,111,'Running'),(3149,'2020-09-23 12:06:19',6292,111,'Running'),(3150,'2020-09-23 12:17:31',0,111,'Stopped'),(3151,'2020-09-23 12:18:33',14357,111,'Running'),(3152,'2020-09-23 13:52:20',0,111,'Stopped'),(3153,'2020-09-23 13:53:21',13840,111,'Running'),(3154,'2020-09-23 13:55:23',0,111,'Stopped'),(3155,'2020-09-23 13:56:24',16059,111,'Running'),(3156,'2020-09-23 14:41:16',14125,111,'Running'),(3157,'2020-09-23 15:01:39',28088,111,'Running'),(3158,'2020-09-23 16:10:59',0,111,'Stopped'),(3159,'2020-09-23 16:12:00',10768,111,'Running'),(3160,'2020-09-23 16:40:33',0,111,'Stopped'),(3161,'2020-09-23 16:41:34',30886,111,'Running'),(3162,'2020-09-23 18:40:50',0,111,'Stopped'),(3163,'2020-09-23 18:41:52',15147,111,'Running'),(3164,'2020-09-23 18:46:59',0,111,'Stopped'),(3165,'2020-09-23 18:48:00',19631,111,'Running'),(3166,'2020-09-23 19:10:25',0,111,'Stopped'),(3167,'2020-09-23 19:11:27',3094,111,'Running'),(3168,'2020-09-23 19:23:41',0,111,'Stopped'),(3169,'2020-09-23 19:24:42',12061,111,'Running'),(3170,'2020-09-23 19:31:50',0,111,'Stopped'),(3171,'2020-09-23 19:32:51',17659,111,'Running'),(3172,'2020-09-23 19:45:05',26187,111,'Running'),(3177,'2020-09-28 15:26:06',0,111,'Stopped'),(3178,'2020-09-28 16:03:49',26199,111,'Running'),(3179,'2020-09-28 16:09:55',0,111,'Stopped'),(3180,'2020-09-28 16:10:57',30992,111,'Running'),(3187,'2020-10-15 13:51:43',2271,111,'Running'),(3190,'2020-10-27 18:22:06',0,111,'Stopped'),(3191,'2020-10-27 18:24:09',9462,111,'Running'),(3192,'2020-10-27 18:26:11',0,111,'Stopped'),(3193,'2020-10-27 18:27:12',11554,111,'Running'),(3194,'2020-10-28 08:06:50',16069,111,'Running'),(3195,'2020-10-28 09:34:38',10899,111,'Running'),(3196,'2020-10-28 10:41:00',0,111,'Stopped'),(3197,'2020-10-28 10:42:01',23961,111,'Running'),(3198,'2020-10-28 11:39:12',0,111,'Stopped'),(3199,'2020-10-28 11:40:13',31214,111,'Running'),(3200,'2020-10-28 12:16:57',23702,111,'Running'),(3201,'2020-10-28 14:46:00',28204,111,'Running'),(3202,'2020-10-28 16:49:32',0,111,'Stopped'),(3203,'2020-10-28 16:50:33',15389,111,'Running'),(3204,'2020-10-30 10:49:38',0,93,'Stopped'),(3207,'2020-10-30 21:24:07',19341,111,'Running'),(3208,'2020-10-30 21:24:07',0,121,'Stopped'),(3210,'2020-10-30 21:58:32',3749,121,'Running'),(3211,'2020-10-30 22:22:38',10950,111,'Running'),(3212,'2020-10-31 06:06:42',19268,121,'Running'),(3213,'2020-10-31 06:10:43',0,121,'Stopped'),(3215,'2020-11-03 22:52:16',26127,121,'Running'),(3216,'2020-11-03 22:53:16',0,121,'Stopped'),(3217,'2020-11-03 23:33:39',25909,121,'Running'),(3218,'2020-11-03 23:37:42',1974,121,'Running'),(3219,'2020-11-04 00:09:00',4293,111,'Running'),(3220,'2020-11-04 16:47:26',0,111,'Stopped'),(3221,'2020-11-04 16:47:26',0,121,'Stopped'),(3222,'2020-11-04 18:42:25',21804,111,'Running'),(3223,'2020-11-04 19:08:38',13724,111,'Running'),(3224,'2020-11-04 19:09:38',15231,111,'Running'),(3225,'2020-11-04 19:11:40',20211,121,'Running'),(3226,'2020-11-04 22:15:19',21692,93,'Running'),(3227,'2020-11-04 22:19:20',0,93,'Stopped'),(3228,'2020-11-04 22:20:21',23910,93,'Running'),(3229,'2020-11-05 22:28:15',7427,93,'Running'),(3230,'2020-11-05 22:28:15',8300,111,'Running'),(3231,'2020-11-05 22:28:15',8351,121,'Running'),(3233,'2020-11-10 16:59:59',0,93,'Stopped'),(3234,'2020-11-10 17:01:00',7427,93,'Running'),(3235,'2020-11-11 13:12:50',0,93,'Stopped'),(3236,'2020-11-11 13:13:50',7427,93,'Running'),(3237,'2020-11-13 12:58:45',0,93,'Stopped'),(3238,'2020-11-13 12:59:45',7427,93,'Running'),(3239,'2020-11-13 13:28:55',0,93,'Stopped'),(3240,'2020-11-13 13:29:55',7427,93,'Running'),(3241,'2020-11-14 06:10:27',0,93,'Stopped'),(3242,'2020-11-14 06:11:27',7427,93,'Running'),(3243,'2020-11-15 13:50:08',0,93,'Stopped'),(3244,'2020-11-15 13:51:08',7427,93,'Running'),(3245,'2020-11-22 18:16:31',0,93,'Stopped'),(3246,'2020-11-22 18:17:32',7427,93,'Running'),(3247,'2020-11-26 03:28:45',0,93,'Stopped'),(3248,'2020-11-26 03:29:45',7427,93,'Running'),(3249,'2020-11-27 12:15:37',0,93,'Stopped'),(3250,'2020-11-27 12:16:37',7427,93,'Running'),(3251,'2020-11-29 12:48:49',0,93,'Stopped'),(3252,'2020-11-29 12:49:50',7427,93,'Running'),(3253,'2020-11-30 18:36:52',0,93,'Stopped'),(3254,'2020-11-30 18:37:53',7427,93,'Running'),(3255,'2020-11-30 21:18:47',0,93,'Stopped'),(3256,'2020-11-30 21:19:47',7427,93,'Running'),(3257,'2020-12-01 16:34:16',0,93,'Stopped'),(3258,'2020-12-01 16:35:16',7427,93,'Running'),(3259,'2020-12-03 11:56:46',0,93,'Stopped'),(3260,'2020-12-03 11:57:46',7427,93,'Running'),(3261,'2020-12-03 17:29:38',0,93,'Stopped'),(3262,'2020-12-03 17:30:38',7427,93,'Running'),(3263,'2020-12-06 08:55:59',0,93,'Stopped'),(3264,'2020-12-06 08:56:59',7427,93,'Running'),(3265,'2020-12-06 16:55:38',0,93,'Stopped'),(3266,'2020-12-06 16:56:38',7427,93,'Running'),(3267,'2020-12-07 19:12:20',30237,121,'Running'),(3268,'2020-12-07 19:15:21',6166,111,'Running'),(3269,'2020-12-07 19:20:22',17447,121,'Running'),(3270,'2020-12-08 19:20:04',0,93,'Stopped'),(3271,'2020-12-08 19:21:04',7427,93,'Running'),(3272,'2020-12-08 20:32:27',19766,111,'Running'),(3273,'2020-12-08 20:36:29',29251,111,'Running'),(3274,'2020-12-08 20:38:29',2701,111,'Running'),(3275,'2020-12-08 20:45:45',20445,111,'Running'),(3276,'2020-12-08 20:46:45',22964,111,'Running'),(3277,'2020-12-08 20:54:49',11166,111,'Running'),(3278,'2020-12-08 21:01:51',0,93,'Stopped'),(3279,'2020-12-09 02:29:06',8677,93,'Running'),(3280,'2020-12-09 02:29:06',15433,111,'Running'),(3281,'2020-12-09 02:31:07',29371,121,'Running'),(3282,'2020-12-09 18:42:34',31316,111,'Running'),(3283,'2020-12-09 19:04:39',0,111,'Stopped'),(3284,'2020-12-09 19:14:40',28071,111,'Running'),(3285,'2020-12-13 14:56:07',0,93,'Stopped'),(3286,'2020-12-13 14:57:07',8677,93,'Running'),(3287,'2020-12-15 17:31:32',0,93,'Stopped'),(3288,'2020-12-15 17:32:32',8677,93,'Running'),(3289,'2020-12-16 12:46:20',0,93,'Stopped'),(3290,'2020-12-16 12:47:21',8677,93,'Running'),(3291,'2020-12-18 01:02:42',0,93,'Stopped'),(3292,'2021-01-04 19:03:56',29302,111,'Running'),(3293,'2021-01-04 19:11:56',0,111,'Stopped'),(3294,'2021-01-04 19:16:57',3889,111,'Running'),(3295,'2021-01-04 19:23:58',0,111,'Stopped'),(3296,'2021-01-04 19:25:58',8665,111,'Running'),(3297,'2021-01-04 19:35:59',13978,111,'Running'),(3298,'2021-01-04 20:11:04',32693,121,'Running'),(3299,'2021-01-04 20:19:05',4298,121,'Running'),(3300,'2021-01-05 18:40:59',28855,121,'Running'),(3301,'2021-01-05 18:49:00',386,121,'Running'),(3302,'2021-01-05 19:02:01',7696,121,'Running'),(3303,'2021-01-05 19:06:02',0,121,'Stopped'),(3304,'2021-01-05 19:07:02',10318,121,'Running'),(3305,'2021-01-05 19:12:03',12974,121,'Running'),(3306,'2021-01-05 19:19:04',16481,121,'Running'),(3307,'2021-01-05 19:22:04',18317,121,'Running'),(3308,'2021-01-05 19:25:04',19917,121,'Running'),(3309,'2021-01-05 19:30:05',22537,121,'Running'),(3310,'2021-01-05 19:54:08',2901,121,'Running'),(3311,'2021-01-05 20:07:10',9802,121,'Running'),(3312,'2021-01-05 20:11:10',11929,121,'Running'),(3313,'2021-01-05 20:22:12',17817,121,'Running'),(3314,'2021-01-05 20:28:12',21055,121,'Running'),(3315,'2021-01-05 20:39:14',26735,121,'Running'),(3316,'2021-01-05 20:41:14',27965,121,'Running'),(3317,'2021-01-05 20:48:15',0,121,'Stopped'),(3318,'2021-01-05 20:49:15',31960,121,'Running'),(3319,'2021-01-05 21:58:25',3574,121,'Running'),(3320,'2021-01-05 22:11:26',10493,121,'Running'),(3321,'2021-01-05 22:44:31',27916,121,'Running'),(3322,'2021-01-05 23:31:37',20284,121,'Running'),(3323,'2021-01-05 23:35:37',22379,121,'Running'),(3324,'2021-01-06 01:49:55',27769,111,'Running'),(3325,'2021-01-06 01:50:55',28413,121,'Running'),(3326,'2021-01-06 02:07:57',5199,121,'Running'),(3327,'2021-01-06 02:21:59',12566,121,'Running');
/*!40000 ALTER TABLE `pc_history_tb` ENABLE KEYS */;
UNLOCK TABLES;

--
-- Table structure for table `pp_data_table_tb`
--

DROP TABLE IF EXISTS `pp_data_table_tb`;
/*!40101 SET @saved_cs_client     = @@character_set_client */;
/*!40101 SET character_set_client = utf8 */;
CREATE TABLE `pp_data_table_tb` (
  `data_table_id` bigint(20) NOT NULL AUTO_INCREMENT,
  `created_dtm` datetime DEFAULT NULL,
  `creator_id` varchar(255) COLLATE utf8mb4_unicode_ci DEFAULT NULL,
  `data_table_name` varchar(255) COLLATE utf8mb4_unicode_ci NOT NULL,
  `data_table_type` varchar(255) COLLATE utf8mb4_unicode_ci DEFAULT NULL,
  `updated_dtm` datetime DEFAULT NULL,
  `updater_id` varchar(255) COLLATE utf8mb4_unicode_ci DEFAULT NULL,
  PRIMARY KEY (`data_table_id`)
) ENGINE=InnoDB AUTO_INCREMENT=48 DEFAULT CHARSET=utf8mb4 COLLATE=utf8mb4_unicode_ci;
/*!40101 SET character_set_client = @saved_cs_client */;

--
-- Dumping data for table `pp_data_table_tb`
--

LOCK TABLES `pp_data_table_tb` WRITE;
/*!40000 ALTER TABLE `pp_data_table_tb` DISABLE KEYS */;
INSERT INTO `pp_data_table_tb` VALUES (1,'2019-08-26 14:53:18','mljws0212','eng_word_to_kor','replace',NULL,NULL),(2,'2019-08-26 14:53:37','mljws0212','eng_letter_to_kor','replace',NULL,NULL),(3,'2019-08-26 14:53:57','mljws0212','num_simple_to_kor','replace',NULL,NULL),(4,'2019-08-26 14:54:14','mljws0212','SYS_COUNT_TO_CHAR_SINGLE_KOR','replace',NULL,NULL),(5,'2019-08-26 14:54:27','mljws0212','SYS_COUNT_TO_CHAR_DOUBLE_KOR','replace',NULL,NULL),(6,'2019-08-26 14:54:40','mljws0212','metrics_kor','replace',NULL,NULL),(7,'2019-08-26 14:54:53','mljws0212','etc_kor','replace','2020-04-24 16:42:49','admin'),(8,'2019-09-02 17:11:44','mljws0212','remove','replace',NULL,NULL),(9,'2019-09-02 17:13:53','mljws0212','num_etc_kor','replace',NULL,NULL),(10,'2019-09-02 18:02:23','mljws0212','newLine','replace',NULL,NULL),(11,'2019-09-03 10:00:48','mljws0212','middle_dot_comma','replace',NULL,NULL),(12,'2019-09-03 10:52:29','mljws0212','hyphen_remove','replace',NULL,NULL),(13,'2019-09-03 17:24:07','mljws0212','single_newLine','replace',NULL,NULL),(14,'2019-09-04 10:48:51','mljws0212','system_defined','system_defined',NULL,NULL),(15,'2019-09-05 17:11:15','mljws0212','float_dot_kor','replace',NULL,NULL),(16,'2019-09-05 17:32:36','mljws0212','m/s_kor','replace',NULL,NULL),(17,'2019-09-05 17:32:42','mljws0212','km/h_kor','replace',NULL,NULL),(18,'2019-09-05 17:33:05','mljws0212','time_kor','replace',NULL,NULL),(19,'2019-09-05 17:33:52','mljws0212','rational_kor','replace',NULL,NULL),(20,'2019-09-05 18:00:38','mljws0212','phone_num_kor','replace','2020-05-21 13:18:08','admin'),(22,'2019-09-11 14:54:24','mljws0212','dollar_kor','replace',NULL,NULL),(23,'2019-09-25 16:53:14','admin','silence','replace','2019-09-25 16:53:14','admin'),(24,'2019-09-30 10:19:24','mljws0212','SYS_CHINESE_TO_CHAR_KOR','replace',NULL,NULL),(25,'2019-10-07 15:14:19','mljws0212','metrics_eng','replace',NULL,NULL),(26,'2019-10-07 15:14:25','mljws0212','pronunciation_eng','replace',NULL,NULL),(27,'2019-10-07 15:14:34','mljws0212','num_ordinal_eng','replace',NULL,NULL),(28,'2019-10-07 15:14:39','mljws0212','word_eng','replace',NULL,NULL),(29,'2019-10-07 15:15:25','mljws0212','num_eng','replace',NULL,NULL),(30,'2019-10-07 17:11:06','mljws0212','SYS_ORDINAL_NUM_ENG','replace',NULL,NULL),(31,'2019-10-07 17:11:18','mljws0212','SYS_NUM_TO_CHAR_ENG','replace',NULL,NULL),(33,'2019-11-28 14:41:27','mljws0212','dollar_1_eng','replace',NULL,NULL),(34,'2019-11-28 14:48:38','mljws0212','dollar_2_eng','replace',NULL,NULL),(35,'2019-11-28 16:09:20','mljws0212','float_dot_eng','replace',NULL,NULL),(36,'2020-05-21 13:28:44','admin','etc_kor2','replace','2020-05-21 13:28:44','admin'),(37,'2020-06-11 17:49:41','admin','쉼표제거','replace','2020-06-11 17:49:41','admin'),(38,'2020-06-11 17:57:09','admin','만원','replace','2020-06-11 17:57:09','admin'),(39,'2020-06-22 10:58:48','admin','phone_num_kor_2','replace','2020-06-22 10:58:48','admin'),(40,'2020-07-01 15:12:40','admin','묵음','replace','2020-07-01 15:12:40','admin'),(47,'2020-09-06 21:32:11','admin','영어','replace','2020-09-06 21:32:11','admin');
/*!40000 ALTER TABLE `pp_data_table_tb` ENABLE KEYS */;
UNLOCK TABLES;

--
-- Table structure for table `pp_data_tb`
--

DROP TABLE IF EXISTS `pp_data_tb`;
/*!40101 SET @saved_cs_client     = @@character_set_client */;
/*!40101 SET character_set_client = utf8 */;
CREATE TABLE `pp_data_tb` (
  `data_id` bigint(20) NOT NULL AUTO_INCREMENT,
  `created_dtm` datetime DEFAULT NULL,
  `creator_id` varchar(255) COLLATE utf8mb4_unicode_ci DEFAULT NULL,
  `data_after` varchar(255) COLLATE utf8mb4_unicode_ci DEFAULT NULL,
  `data_before` varchar(255) COLLATE utf8mb4_unicode_ci DEFAULT NULL,
  `data_note` varchar(255) COLLATE utf8mb4_unicode_ci DEFAULT NULL,
  `updated_dtm` datetime DEFAULT NULL,
  `updater_id` varchar(255) COLLATE utf8mb4_unicode_ci DEFAULT NULL,
  `data_table_id` bigint(20) DEFAULT NULL,
  PRIMARY KEY (`data_id`),
  KEY `FKekhqxr2898t8hvr8t4ppk5e6p` (`data_table_id`),
  CONSTRAINT `FKekhqxr2898t8hvr8t4ppk5e6p` FOREIGN KEY (`data_table_id`) REFERENCES `pp_data_table_tb` (`data_table_id`)
) ENGINE=InnoDB AUTO_INCREMENT=3507 DEFAULT CHARSET=utf8mb4 COLLATE=utf8mb4_unicode_ci;
/*!40101 SET character_set_client = @saved_cs_client */;

--
-- Dumping data for table `pp_data_tb`
--

LOCK TABLES `pp_data_tb` WRITE;
/*!40000 ALTER TABLE `pp_data_tb` DISABLE KEYS */;
INSERT INTO `pp_data_tb` VALUES (1,'2019-08-26 15:11:21','mljws0212','에이씨','AC','eng_word',NULL,NULL,1),(2,'2019-08-26 15:11:21','mljws0212','에이아이','AI','eng_word',NULL,NULL,1),(3,'2019-08-26 15:11:21','mljws0212','에이아이비','AIB','eng_word',NULL,NULL,1),(4,'2019-08-26 15:11:21','mljws0212','에이피','AP','eng_word',NULL,NULL,1),(5,'2019-08-26 15:11:21','mljws0212','비비씨','BBC','eng_word',NULL,NULL,1),(6,'2019-08-26 15:11:21','mljws0212','비비케이','BBK','eng_word',NULL,NULL,1),(7,'2019-08-26 15:11:21','mljws0212','삐씨','BC','eng_word',NULL,NULL,1),(8,'2019-08-26 15:11:21','mljws0212','비아이에프에프','BIFF','eng_word',NULL,NULL,1),(9,'2019-08-26 15:11:21','mljws0212','캣','CAT','eng_word',NULL,NULL,1),(10,'2019-08-26 15:11:21','mljws0212','씨씨티비','CCTV','eng_word',NULL,NULL,1),(11,'2019-08-26 15:11:21','mljws0212','씨이오','CEO','eng_word',NULL,NULL,1),(12,'2019-08-26 15:11:21','mljws0212','씨아이에이','CIA','eng_word',NULL,NULL,1),(13,'2019-08-26 15:11:21','mljws0212','씨아이피에이','CIPA','eng_word',NULL,NULL,1),(14,'2019-08-26 15:11:21','mljws0212','씨엔엔','CNN','eng_word',NULL,NULL,1),(15,'2019-08-26 15:11:21','mljws0212','씨에스','CS','eng_word',NULL,NULL,1),(16,'2019-08-26 15:11:21','mljws0212','채벌','Chaebol','eng_word',NULL,NULL,1),(17,'2019-08-26 15:11:21','mljws0212','디디티','DDT','eng_word',NULL,NULL,1),(18,'2019-08-26 15:11:21','mljws0212','디제이','DJ','eng_word',NULL,NULL,1),(19,'2019-08-26 15:11:21','mljws0212','디엔에이','DNA','eng_word',NULL,NULL,1),(20,'2019-08-26 15:11:21','mljws0212','디오씨','DOC','eng_word',NULL,NULL,1),(21,'2019-08-26 15:11:21','mljws0212','디비디','DVD','eng_word',NULL,NULL,1),(22,'2019-08-26 15:11:21','mljws0212','디나이얼','Denial','eng_word',NULL,NULL,1),(23,'2019-08-26 15:11:21','mljws0212','데브시스터즈','Devsisters','eng_word',NULL,NULL,1),(24,'2019-08-26 15:11:21','mljws0212','드럼','Drum','eng_word',NULL,NULL,1),(25,'2019-08-26 15:11:21','mljws0212','이에이치','EH','eng_word',NULL,NULL,1),(26,'2019-08-26 15:11:21','mljws0212','에프씨케이','FCK','eng_word',NULL,NULL,1),(27,'2019-08-26 15:11:21','mljws0212','에프티에이','FTA','eng_word',NULL,NULL,1),(28,'2019-08-26 15:11:21','mljws0212','지에이','GA','eng_word',NULL,NULL,1),(29,'2019-08-26 15:11:21','mljws0212','지디피','GDP','eng_word',NULL,NULL,1),(30,'2019-08-26 15:11:21','mljws0212','지비','GV','eng_word',NULL,NULL,1),(31,'2019-08-26 15:11:21','mljws0212','하모니','Halmuny','eng_word',NULL,NULL,1),(32,'2019-08-26 15:11:21','mljws0212','아이아이','III','eng_word',NULL,NULL,1),(33,'2019-08-26 15:11:21','mljws0212','아이엠에프','IMF','eng_word',NULL,NULL,1),(34,'2019-08-26 15:11:21','mljws0212','아이큐','IQ','eng_word',NULL,NULL,1),(35,'2019-08-26 15:11:21','mljws0212','아이에스','IS','eng_word',NULL,NULL,1),(36,'2019-08-26 15:11:21','mljws0212','아이티','IT','eng_word',NULL,NULL,1),(37,'2019-08-26 15:11:21','mljws0212','제이에스에이','JSA','eng_word',NULL,NULL,1),(38,'2019-08-26 15:11:21','mljws0212','제이티비씨','JTBC','eng_word',NULL,NULL,1),(39,'2019-08-26 15:11:21','mljws0212','케이비오','KBO','eng_word',NULL,NULL,1),(40,'2019-08-26 15:11:21','mljws0212','케이디아이','KDI','eng_word',NULL,NULL,1),(41,'2019-08-26 15:11:21','mljws0212','케이에프엑스','KFX','eng_word',NULL,NULL,1),(42,'2019-08-26 15:11:21','mljws0212','기아','KIA','eng_word',NULL,NULL,1),(43,'2019-08-26 15:11:21','mljws0212','코리아','KOREA','eng_word',NULL,NULL,1),(44,'2019-08-26 15:11:21','mljws0212','케이티엑스','KTX','eng_word',NULL,NULL,1),(45,'2019-08-26 15:11:21','mljws0212','케이와이','KY','eng_word',NULL,NULL,1),(46,'2019-08-26 15:11:21','mljws0212','엘에이','LA','eng_word',NULL,NULL,1),(47,'2019-08-26 15:11:21','mljws0212','엘지','LG','eng_word',NULL,NULL,1),(48,'2019-08-26 15:11:21','mljws0212','엘피지에이','LPGA','eng_word',NULL,NULL,1),(49,'2019-08-26 15:11:21','mljws0212','엠비','MB','eng_word',NULL,NULL,1),(50,'2019-08-26 15:11:21','mljws0212','엠아이티','MIT','eng_word',NULL,NULL,1),(51,'2019-08-26 15:11:21','mljws0212','엠알제이','MRJ','eng_word',NULL,NULL,1),(52,'2019-08-26 15:11:21','mljws0212','마인즈랩','Mindslab','eng_word',NULL,NULL,1),(53,'2019-08-26 15:11:21','mljws0212','엔이아이에스','NEIS','eng_word',NULL,NULL,1),(54,'2019-08-26 15:11:21','mljws0212','엔오','NO','eng_word',NULL,NULL,1),(55,'2019-08-26 15:11:21','mljws0212','오이씨디','OECD','eng_word',NULL,NULL,1),(56,'2019-08-26 15:11:21','mljws0212','오오','OO','eng_word',NULL,NULL,1),(57,'2019-08-26 15:11:21','mljws0212','피비에스','PBS','eng_word',NULL,NULL,1),(58,'2019-08-26 15:11:21','mljws0212','피씨','PC','eng_word',NULL,NULL,1),(59,'2019-08-26 15:11:21','mljws0212','피지에이','PGA','eng_word',NULL,NULL,1),(60,'2019-08-26 15:11:21','mljws0212','피엠','PM','eng_word',NULL,NULL,1),(61,'2019-08-26 15:11:21','mljws0212','프레스','PRESS','eng_word',NULL,NULL,1),(62,'2019-08-26 15:11:21','mljws0212','에스에프','SF','eng_word',NULL,NULL,1),(63,'2019-08-26 15:11:21','mljws0212','에스엔에스','SNS','eng_word',NULL,NULL,1),(64,'2019-08-26 15:11:21','mljws0212','스탑','STOP','eng_word',NULL,NULL,1),(65,'2019-08-26 15:11:21','mljws0212','산타','Santa','eng_word',NULL,NULL,1),(66,'2019-08-26 15:11:21','mljws0212','스워드라인','Swordline','eng_word',NULL,NULL,1),(67,'2019-08-26 15:11:21','mljws0212','티비에스','TBS','eng_word',NULL,NULL,1),(68,'2019-08-26 15:11:21','mljws0212','티비','TV','eng_word',NULL,NULL,1),(69,'2019-08-26 15:11:21','mljws0212','유에프씨','UFC','eng_word',NULL,NULL,1),(70,'2019-08-26 15:11:21','mljws0212','유엔','UN','eng_word',NULL,NULL,1),(71,'2019-08-26 15:11:21','mljws0212','유에스','US','eng_word',NULL,NULL,1),(72,'2019-08-26 15:11:21','mljws0212','와이에치','YH','eng_word',NULL,NULL,1),(73,'2019-08-26 15:11:21','mljws0212','와이에스','YS','eng_word',NULL,NULL,1),(74,'2019-08-26 15:11:21','mljws0212','어빌리티','ability','eng_word',NULL,NULL,1),(75,'2019-08-26 15:11:21','mljws0212','어폴로지','apology','eng_word',NULL,NULL,1),(76,'2019-08-26 15:11:21','mljws0212','빌','bill','eng_word',NULL,NULL,1),(77,'2019-08-26 15:11:21','mljws0212','다운','down','eng_word',NULL,NULL,1),(78,'2019-08-26 15:11:21','mljws0212','프란시스코','francisco','eng_word',NULL,NULL,1),(79,'2019-08-26 15:11:21','mljws0212','험블','humble','eng_word',NULL,NULL,1),(80,'2019-08-26 15:11:21','mljws0212','아이돌','idol','eng_word',NULL,NULL,1),(81,'2019-08-26 15:11:21','mljws0212','트랙','track','eng_word',NULL,NULL,1),(82,'2019-08-26 15:11:21','mljws0212','업','up','eng_word',NULL,NULL,1),(83,'2019-08-26 15:11:21','mljws0212','히스','His','eng_word',NULL,NULL,1),(84,'2019-08-26 15:11:21','mljws0212','마스터스','Master\'s','eng_word',NULL,NULL,1),(85,'2019-08-26 15:11:21','mljws0212','보이스','Voice','eng_word',NULL,NULL,1),(86,'2019-08-26 15:11:21','mljws0212','브릴리언트','Brilliant','eng_word',NULL,NULL,1),(87,'2019-08-26 15:11:21','mljws0212','오르페오','ORFEO','eng_word',NULL,NULL,1),(88,'2019-08-26 15:11:21','mljws0212','소니','SONY','eng_word',NULL,NULL,1),(89,'2019-08-26 15:11:21','mljws0212','데카','DECCA','eng_word',NULL,NULL,1),(90,'2019-08-26 15:11:21','mljws0212','영','0','num_simple',NULL,NULL,3),(91,'2019-08-26 15:11:21','mljws0212','일','1','num_simple',NULL,NULL,3),(92,'2019-08-26 15:11:21','mljws0212','이','2','num_simple',NULL,NULL,3),(93,'2019-08-26 15:11:21','mljws0212','삼','3','num_simple',NULL,NULL,3),(94,'2019-08-26 15:11:21','mljws0212','사','4','num_simple',NULL,NULL,3),(95,'2019-08-26 15:11:21','mljws0212','오','5','num_simple',NULL,NULL,3),(96,'2019-08-26 15:11:21','mljws0212','육','6','num_simple',NULL,NULL,3),(97,'2019-08-26 15:11:21','mljws0212','칠','7','num_simple',NULL,NULL,3),(98,'2019-08-26 15:11:21','mljws0212','팔','8','num_simple',NULL,NULL,3),(99,'2019-08-26 15:11:21','mljws0212','구','9','num_simple',NULL,NULL,3),(100,'2019-08-26 15:11:21','mljws0212','아홉','구','num_count_single',NULL,NULL,4),(101,'2019-08-26 15:11:21','mljws0212','네','사','num_count_single',NULL,NULL,4),(102,'2019-08-26 15:11:21','mljws0212','세','삼','num_count_single',NULL,NULL,4),(103,'2019-08-26 15:11:21','mljws0212','다섯','오','num_count_single',NULL,NULL,4),(104,'2019-08-26 15:11:21','mljws0212','여섯','육','num_count_single',NULL,NULL,4),(105,'2019-08-26 15:11:21','mljws0212','두','이','num_count_single',NULL,NULL,4),(106,'2019-08-26 15:11:21','mljws0212','한','일','num_count_single',NULL,NULL,4),(107,'2019-08-26 15:11:21','mljws0212','일곱','칠','num_count_single',NULL,NULL,4),(108,'2019-08-26 15:11:21','mljws0212','여덟','팔','num_count_single',NULL,NULL,4),(109,'2019-08-26 15:11:21','mljws0212','마흔','네십','num_count_double',NULL,NULL,5),(110,'2019-08-26 15:11:21','mljws0212','쉰','다섯십','num_count_double',NULL,NULL,5),(111,'2019-08-26 15:11:21','mljws0212','스물','두십','num_count_double',NULL,NULL,5),(112,'2019-08-26 15:11:21','mljws0212','서른','세십','num_count_double',NULL,NULL,5),(113,'2019-08-26 15:11:21','mljws0212','아흔','아홉십','num_count_double',NULL,NULL,5),(114,'2019-08-26 15:11:21','mljws0212','여든','여덟십','num_count_double',NULL,NULL,5),(115,'2019-08-26 15:11:21','mljws0212','예순','여섯십','num_count_double',NULL,NULL,5),(116,'2019-08-26 15:11:21','mljws0212','일흔','일곱십','num_count_double',NULL,NULL,5),(117,'2019-08-26 15:11:21','mljws0212','열','한십','num_count_double',NULL,NULL,5),(118,'2019-08-26 15:11:21','mljws0212','열','일십','num_count_double',NULL,NULL,5),(119,'2019-08-26 15:11:21','mljws0212','일곱','한곱','num_count_double',NULL,NULL,5),(120,'2019-08-26 15:11:21','mljws0212','에이','A','eng_letter',NULL,NULL,2),(121,'2019-08-26 15:11:21','mljws0212','비','B','eng_letter',NULL,NULL,2),(122,'2019-08-26 15:11:21','mljws0212','씨','C','eng_letter',NULL,NULL,2),(123,'2019-08-26 15:11:21','mljws0212','디','D','eng_letter',NULL,NULL,2),(124,'2019-08-26 15:11:21','mljws0212','이','E','eng_letter',NULL,NULL,2),(125,'2019-08-26 15:11:21','mljws0212','에프','F','eng_letter',NULL,NULL,2),(126,'2019-08-26 15:11:21','mljws0212','지','G','eng_letter',NULL,NULL,2),(127,'2019-08-26 15:11:21','mljws0212','에이치','H','eng_letter',NULL,NULL,2),(128,'2019-08-26 15:11:21','mljws0212','아이','I','eng_letter',NULL,NULL,2),(129,'2019-08-26 15:11:21','mljws0212','제이','J','eng_letter',NULL,NULL,2),(130,'2019-08-26 15:11:21','mljws0212','케이','K','eng_letter',NULL,NULL,2),(131,'2019-08-26 15:11:21','mljws0212','엘','L','eng_letter',NULL,NULL,2),(132,'2019-08-26 15:11:21','mljws0212','엠','M','eng_letter',NULL,NULL,2),(133,'2019-08-26 15:11:21','mljws0212','엔','N','eng_letter',NULL,NULL,2),(134,'2019-08-26 15:11:21','mljws0212','오','O','eng_letter',NULL,NULL,2),(135,'2019-08-26 15:11:21','mljws0212','피','P','eng_letter',NULL,NULL,2),(136,'2019-08-26 15:11:21','mljws0212','큐','Q','eng_letter',NULL,NULL,2),(137,'2019-08-26 15:11:21','mljws0212','알','R','eng_letter',NULL,NULL,2),(138,'2019-08-26 15:11:21','mljws0212','에스','S','eng_letter',NULL,NULL,2),(139,'2019-08-26 15:11:21','mljws0212','티','T','eng_letter',NULL,NULL,2),(140,'2019-08-26 15:11:21','mljws0212','유','U','eng_letter',NULL,NULL,2),(141,'2019-08-26 15:11:21','mljws0212','브이','V','eng_letter',NULL,NULL,2),(142,'2019-08-26 15:11:21','mljws0212','더블유','W','eng_letter',NULL,NULL,2),(143,'2019-08-26 15:11:21','mljws0212','엑스','X','eng_letter',NULL,NULL,2),(144,'2019-08-26 15:11:21','mljws0212','와이','Y','eng_letter',NULL,NULL,2),(145,'2019-08-26 15:11:21','mljws0212','지','Z','eng_letter',NULL,NULL,2),(154,'2019-08-26 15:11:21','mljws0212','퍼센트','%','metrics',NULL,NULL,6),(155,'2019-08-26 15:11:21','mljws0212','센치미터','cm','metrics',NULL,NULL,6),(156,'2019-08-26 15:11:21','mljws0212','킬로그람','kg','metrics',NULL,NULL,6),(157,'2019-08-26 15:11:21','mljws0212','킬로미터','km','metrics',NULL,NULL,6),(158,'2019-08-26 15:11:21','mljws0212','밀리미터','mm','metrics',NULL,NULL,6),(159,'2019-08-26 15:11:21','mljws0212','도','℃','metrics',NULL,NULL,6),(160,'2019-08-26 15:11:21','mljws0212','제곱미터','㎡','metrics',NULL,NULL,6),(161,'2019-08-26 15:11:21','mljws0212','퍼센트포인트','%p','metrics',NULL,NULL,6),(162,'2019-08-26 15:11:21','mljws0212','헥토파스칼','hPa','metrics',NULL,NULL,6),(163,'2019-08-26 15:11:21','mljws0212','그람','g','metrics',NULL,NULL,6),(164,'2019-08-26 15:11:21','mljws0212','미터','m','metrics',NULL,NULL,6),(165,'2019-09-02 16:21:02','mljws0212','','\\*','text_remove',NULL,NULL,8),(166,'2019-09-02 16:34:16','mljws0212','초속 \\w 미터','m/s','m/s',NULL,NULL,16),(167,'2019-09-02 16:37:30','mljws0212','시속 \\w 키로미터','km/h','km/h',NULL,NULL,17),(168,'2019-09-02 16:38:16','mljws0212','\\w 시 \\W 분',':','time',NULL,NULL,18),(170,'2019-09-02 17:10:51','mljws0212','\\W 분의 \\w','/','fountain',NULL,NULL,19),(171,'2019-09-02 18:01:41','mljws0212','\n\n','\\*','newLine',NULL,NULL,10),(172,'2019-09-03 10:00:28','mljws0212',',','\\*','middle_dot_comma',NULL,NULL,11),(173,'2019-09-03 10:52:12','mljws0212',' ','-','hyphen_remove',NULL,NULL,12),(174,'2019-09-03 11:10:32','mljws0212','에서','~','tilde',NULL,NULL,9),(175,'2019-09-03 17:23:24','mljws0212','\n','\\*','single_newLine',NULL,NULL,13),(176,'2019-09-04 10:48:07','mljws0212','','','system_defined',NULL,NULL,14),(177,'2019-09-05 17:09:47','mljws0212','쩜 ','.','dot',NULL,NULL,15),(193,'2019-09-11 14:54:00','mljws0212','\\W 달러','$','',NULL,NULL,22),(194,'2019-09-24 14:07:16','mljws0212','열','영십','num_count_double',NULL,NULL,5),(195,'2019-09-25 16:53:14','admin','\\s4','\n\n','','2019-09-25 16:53:14','admin',23),(196,'2019-09-25 16:53:14','admin','\\s3','...','','2019-09-25 16:53:14','admin',23),(203,NULL,NULL,'{P IY1} {EH1 M}','p.m.',NULL,NULL,NULL,25),(204,NULL,NULL,'{P IY1} {EH1 M}','p.m',NULL,NULL,NULL,25),(205,NULL,NULL,'{P IY1} {EH1 M}','P.M.',NULL,NULL,NULL,25),(206,NULL,NULL,'{P IY1} {EH1 M}','P.M',NULL,NULL,NULL,25),(207,NULL,NULL,'{AH0 IY0 EH1 M}','a.m.',NULL,NULL,NULL,25),(208,NULL,NULL,'{AH0 IY0 EH1 M}','a.m',NULL,NULL,NULL,25),(209,NULL,NULL,'{AH0 IY0 EH1 M}','A.M.',NULL,NULL,NULL,25),(210,NULL,NULL,'{AH0 IY0 EH1 M}','A.M',NULL,NULL,NULL,25),(211,NULL,NULL,'mole','mol',NULL,NULL,NULL,25),(212,NULL,NULL,'week','wk',NULL,NULL,NULL,25),(213,NULL,NULL,'watt','W',NULL,NULL,NULL,25),(214,NULL,NULL,'radian','rad',NULL,NULL,NULL,25),(215,NULL,NULL,'volt','V',NULL,NULL,NULL,25),(216,NULL,NULL,'kelvin','K',NULL,NULL,NULL,25),(217,NULL,NULL,'hertz','Hz',NULL,NULL,NULL,25),(218,NULL,NULL,'decimeter','dm',NULL,NULL,NULL,25),(219,NULL,NULL,'millisecond','ms',NULL,NULL,NULL,25),(220,NULL,NULL,'joule','J',NULL,NULL,NULL,25),(221,NULL,NULL,'deciliter','dl',NULL,NULL,NULL,25),(222,NULL,NULL,'pint','pt',NULL,NULL,NULL,25),(223,NULL,NULL,'fahrenheit','F',NULL,NULL,NULL,25),(224,NULL,NULL,'decigram','dg',NULL,NULL,NULL,25),(225,NULL,NULL,'millimeter','mm',NULL,NULL,NULL,25),(226,NULL,NULL,'gallon','gal',NULL,NULL,NULL,25),(227,NULL,NULL,'milliliter','ml',NULL,NULL,NULL,25),(228,NULL,NULL,'celsius','C',NULL,NULL,NULL,25),(229,NULL,NULL,'year','yr',NULL,NULL,NULL,25),(230,NULL,NULL,'ampere','A',NULL,NULL,NULL,25),(231,NULL,NULL,'peck','pk',NULL,NULL,NULL,25),(232,NULL,NULL,'mile','mi',NULL,NULL,NULL,25),(233,NULL,NULL,'milligram','mg',NULL,NULL,NULL,25),(234,NULL,NULL,'table spoon','Tbsp',NULL,NULL,NULL,25),(235,NULL,NULL,'table spoon','tbsp',NULL,NULL,NULL,25),(236,NULL,NULL,'yard','yd',NULL,NULL,NULL,25),(237,NULL,NULL,'ounce','oz',NULL,NULL,NULL,25),(238,NULL,NULL,'foot','ft',NULL,NULL,NULL,25),(239,NULL,NULL,'cup','cp',NULL,NULL,NULL,25),(240,NULL,NULL,'barrel','bbl',NULL,NULL,NULL,25),(241,NULL,NULL,'centimeter','cm',NULL,NULL,NULL,25),(242,NULL,NULL,'centiliter','cl',NULL,NULL,NULL,25),(243,NULL,NULL,'fluid','fl',NULL,NULL,NULL,25),(244,NULL,NULL,'inch','in',NULL,NULL,NULL,25),(245,NULL,NULL,'centrigram','cg',NULL,NULL,NULL,25),(246,NULL,NULL,'candela','cd',NULL,NULL,NULL,25),(247,NULL,NULL,'second','sec',NULL,NULL,NULL,25),(248,NULL,NULL,'second','s',NULL,NULL,NULL,25),(249,NULL,NULL,'bushel','bu',NULL,NULL,NULL,25),(250,NULL,NULL,'meter','m',NULL,NULL,NULL,25),(251,NULL,NULL,'liter','l',NULL,NULL,NULL,25),(252,NULL,NULL,'hour','hr',NULL,NULL,NULL,25),(253,NULL,NULL,'tea spoon','tsp',NULL,NULL,NULL,25),(254,NULL,NULL,'pascal','Pa',NULL,NULL,NULL,25),(255,NULL,NULL,'quart','qt',NULL,NULL,NULL,25),(256,NULL,NULL,'gram','g',NULL,NULL,NULL,25),(257,NULL,NULL,'kilometer','km',NULL,NULL,NULL,25),(258,NULL,NULL,'kiloliter','kl',NULL,NULL,NULL,25),(259,NULL,NULL,'kilogram','kg',NULL,NULL,NULL,25),(260,NULL,NULL,'percent','%',NULL,NULL,NULL,25),(266,NULL,NULL,'zero ','0',NULL,NULL,NULL,29),(267,NULL,NULL,'one ','1',NULL,NULL,NULL,29),(268,NULL,NULL,'two ','2',NULL,NULL,NULL,29),(269,NULL,NULL,'three ','3',NULL,NULL,NULL,29),(270,NULL,NULL,'four ','4',NULL,NULL,NULL,29),(271,NULL,NULL,'five ','5',NULL,NULL,NULL,29),(272,NULL,NULL,'six ','6',NULL,NULL,NULL,29),(273,NULL,NULL,'seven ','7',NULL,NULL,NULL,29),(274,NULL,NULL,'eight ','8',NULL,NULL,NULL,29),(275,NULL,NULL,'nine ','9',NULL,NULL,NULL,29),(281,NULL,NULL,'first ','onest',NULL,NULL,NULL,27),(282,NULL,NULL,'second','twond',NULL,NULL,NULL,27),(283,NULL,NULL,'third','threerd',NULL,NULL,NULL,27),(284,NULL,NULL,'fortieth','fortyth',NULL,NULL,NULL,27),(285,NULL,NULL,'fifth','fiveth',NULL,NULL,NULL,27),(286,NULL,NULL,'twelfth','twelveth',NULL,NULL,NULL,27),(287,NULL,NULL,'twentieth','twentyth',NULL,NULL,NULL,27),(2335,NULL,NULL,'misses','mrs',NULL,NULL,NULL,28),(2336,NULL,NULL,'mister','mr',NULL,NULL,NULL,28),(2337,NULL,NULL,'mister','mr.',NULL,NULL,NULL,28),(2338,NULL,NULL,'misses','mrs.',NULL,NULL,NULL,28),(2339,NULL,NULL,'doctor ','dr',NULL,NULL,NULL,28),(2340,NULL,NULL,'company','co',NULL,NULL,NULL,28),(2341,NULL,NULL,'junior','jr',NULL,NULL,NULL,28),(2342,NULL,NULL,'major','maj',NULL,NULL,NULL,28),(2343,NULL,NULL,'general','gen',NULL,NULL,NULL,28),(2344,NULL,NULL,'doctors','drs',NULL,NULL,NULL,28),(2345,NULL,NULL,'reverend','rev',NULL,NULL,NULL,28),(2346,NULL,NULL,'lieutenant','lt',NULL,NULL,NULL,28),(2347,NULL,NULL,'honorable','hon',NULL,NULL,NULL,28),(2348,NULL,NULL,'sergeant','sgt',NULL,NULL,NULL,28),(2349,NULL,NULL,'captain','capt',NULL,NULL,NULL,28),(2350,NULL,NULL,'esquire','esq',NULL,NULL,NULL,28),(2351,NULL,NULL,'limited','ltd',NULL,NULL,NULL,28),(2352,NULL,NULL,'colonel','col',NULL,NULL,NULL,28),(2353,NULL,NULL,'fort','ft',NULL,NULL,NULL,28),(2354,NULL,NULL,'doctors','drs',NULL,NULL,NULL,28),(2355,NULL,NULL,'ted','TED',NULL,NULL,NULL,28),(2356,NULL,NULL,'seal','SEAL',NULL,NULL,NULL,28),(2357,NULL,NULL,'miss','Ms.',NULL,NULL,NULL,28),(2358,NULL,NULL,'day mon','DAEMON',NULL,NULL,NULL,28),(2359,NULL,NULL,'naf ta','NAFTA',NULL,NULL,NULL,28),(2360,NULL,NULL,'university','Uni',NULL,NULL,NULL,28),(2361,NULL,NULL,'aids','AIDS',NULL,NULL,NULL,28),(2362,NULL,NULL,'column','col',NULL,NULL,NULL,28),(2363,NULL,NULL,'masters','MA',NULL,NULL,NULL,28),(2364,NULL,NULL,'pote us','POTUS',NULL,NULL,NULL,28),(2365,NULL,NULL,'junior','jr',NULL,NULL,NULL,28),(2366,NULL,NULL,'example','Ex',NULL,NULL,NULL,28),(2367,NULL,NULL,'gif','GIF',NULL,NULL,NULL,28),(2368,NULL,NULL,'senior','sr',NULL,NULL,NULL,28),(2369,NULL,NULL,'square','sq',NULL,NULL,NULL,28),(2370,NULL,NULL,'esk','Esq',NULL,NULL,NULL,28),(2371,NULL,NULL,'radar','RADAR',NULL,NULL,NULL,28),(2372,NULL,NULL,'on my way','omw',NULL,NULL,NULL,28),(2373,NULL,NULL,'professor','Prof',NULL,NULL,NULL,28),(2374,NULL,NULL,'rnc','RNC',NULL,NULL,NULL,28),(2375,NULL,NULL,'capt cha','CAPTCHA',NULL,NULL,NULL,28),(2376,NULL,NULL,'doctorate','phD',NULL,NULL,NULL,28),(2377,NULL,NULL,'sie fie','Scifi',NULL,NULL,NULL,28),(2378,NULL,NULL,'united states','US',NULL,NULL,NULL,28),(2379,NULL,NULL,'misses','Mrs.',NULL,NULL,NULL,28),(2380,NULL,NULL,'mister','Mr.',NULL,NULL,NULL,28),(2381,NULL,NULL,'doctor','Dr.',NULL,NULL,NULL,28),(2382,NULL,NULL,'cubic','cu',NULL,NULL,NULL,28),(2383,NULL,NULL,'lieutenant','lt',NULL,NULL,NULL,28),(2384,NULL,NULL,'honorable','hon',NULL,NULL,NULL,28),(2385,NULL,NULL,'scott us','SCOTUS',NULL,NULL,NULL,28),(2386,NULL,NULL,'reverend','rev',NULL,NULL,NULL,28),(2387,NULL,NULL,'major','maj',NULL,NULL,NULL,28),(2388,NULL,NULL,'naz dack','NASDAQ',NULL,NULL,NULL,28),(2389,NULL,NULL,'sonar','SONAR',NULL,NULL,NULL,28),(2390,NULL,NULL,'oh sha','OSHA',NULL,NULL,NULL,28),(2391,NULL,NULL,'captain','capt',NULL,NULL,NULL,28),(2392,NULL,NULL,'limited','Ltd.',NULL,NULL,NULL,28),(2393,NULL,NULL,'university','Univ',NULL,NULL,NULL,28),(2394,NULL,NULL,'korea','KR',NULL,NULL,NULL,28),(2395,NULL,NULL,'nah sah','NASA',NULL,NULL,NULL,28),(2396,NULL,NULL,'feefa','FIFA',NULL,NULL,NULL,28),(2397,NULL,NULL,'captain','cpt',NULL,NULL,NULL,28),(2398,NULL,NULL,'baccalaureate','BA',NULL,NULL,NULL,28),(2399,NULL,NULL,'company','co.',NULL,NULL,NULL,28),(2400,NULL,NULL,'sergeant','sgt',NULL,NULL,NULL,28),(2401,NULL,NULL,'swat','SWAT',NULL,NULL,NULL,28),(2402,NULL,NULL,'as key','ASCII',NULL,NULL,NULL,28),(2462,'2019-10-07 17:48:12','mljws0212',' dollars ','$','replace',NULL,NULL,NULL),(2463,'2019-10-07 17:48:26','mljws0212',' pounds ','£','replace',NULL,NULL,NULL),(2467,'2019-11-28 14:41:54','mljws0212','','$',NULL,NULL,NULL,33),(2468,'2019-11-28 14:42:01','mljws0212','billion \\$','billion',NULL,NULL,NULL,33),(2469,'2019-11-28 14:42:03','mljws0212','million \\$','million',NULL,NULL,NULL,33),(2470,'2019-11-28 14:42:04','mljws0212','thousand \\$','thousand',NULL,NULL,NULL,33),(2471,'2019-11-28 14:42:05','mljws0212','trillion \\$','trillion',NULL,NULL,NULL,33),(2472,'2019-11-28 14:43:01','mljws0212','dollars','\\$',NULL,NULL,NULL,33),(2474,NULL,NULL,'|','.',NULL,NULL,NULL,34),(2475,NULL,NULL,'\\W dollars \\w cents','|',NULL,NULL,NULL,34),(2476,NULL,NULL,'','$',NULL,NULL,NULL,34),(2479,NULL,NULL,' point ','.',NULL,NULL,NULL,35),(2590,'2020-05-21 13:28:44','admin','유월','6월','etc','2020-05-21 13:28:44','admin',36),(3033,'2020-06-11 17:49:41','admin','',',','','2020-06-11 17:49:41','admin',37),(3034,'2020-06-11 17:57:09','admin','만원','만 원','','2020-06-11 17:57:09','admin',38),(3046,'2020-06-22 10:59:04','admin','공 ','0','phoneNum','2020-06-22 10:59:04','admin',39),(3047,'2020-06-22 10:59:04','admin','일 ','1','phoneNum','2020-06-22 10:59:04','admin',39),(3048,'2020-06-22 10:59:04','admin','이 ','2','phoneNum','2020-06-22 10:59:04','admin',39),(3049,'2020-06-22 10:59:04','admin','삼 ','3','phoneNum','2020-06-22 10:59:04','admin',39),(3050,'2020-06-22 10:59:04','admin','사 ','4','phoneNum','2020-06-22 10:59:04','admin',39),(3051,'2020-06-22 10:59:04','admin','오 ','5','phoneNum','2020-06-22 10:59:04','admin',39),(3052,'2020-06-22 10:59:04','admin','육 ','6','phoneNum','2020-06-22 10:59:04','admin',39),(3053,'2020-06-22 10:59:04','admin','칠 ','7','phoneNum','2020-06-22 10:59:04','admin',39),(3054,'2020-06-22 10:59:04','admin','팔 ','8','phoneNum','2020-06-22 10:59:04','admin',39),(3055,'2020-06-22 10:59:04','admin','구 ','9','phoneNum','2020-06-22 10:59:04','admin',39),(3056,'2020-06-22 10:59:04','admin','','-','replace','2020-06-22 10:59:04','admin',39),(3064,'2020-07-27 13:17:59','admin','\\s1 ',';','','2020-07-27 13:17:59','admin',40),(3234,'2020-09-01 16:57:39','admin','공','0','phoneNum','2020-09-01 16:57:39','admin',20),(3235,'2020-09-01 16:57:39','admin','일','1','phoneNum','2020-09-01 16:57:39','admin',20),(3236,'2020-09-01 16:57:39','admin','이','2','phoneNum','2020-09-01 16:57:39','admin',20),(3237,'2020-09-01 16:57:39','admin','삼','3','phoneNum','2020-09-01 16:57:39','admin',20),(3238,'2020-09-01 16:57:39','admin','사','4','phoneNum','2020-09-01 16:57:39','admin',20),(3239,'2020-09-01 16:57:39','admin','오','5','phoneNum','2020-09-01 16:57:39','admin',20),(3240,'2020-09-01 16:57:39','admin','육','6','phoneNum','2020-09-01 16:57:39','admin',20),(3241,'2020-09-01 16:57:39','admin','칠','7','phoneNum','2020-09-01 16:57:39','admin',20),(3242,'2020-09-01 16:57:39','admin','팔','8','phoneNum','2020-09-01 16:57:39','admin',20),(3243,'2020-09-01 16:57:39','admin','구','9','phoneNum','2020-09-01 16:57:39','admin',20),(3244,'2020-09-01 16:57:39','admin',', ','-','replace','2020-09-01 16:57:39','admin',20),(3376,'2020-09-06 21:32:11','admin','에이','A','','2020-09-06 21:32:11','admin',47),(3377,'2020-09-06 21:32:11','admin','비','B','','2020-09-06 21:32:11','admin',47),(3378,'2020-09-06 21:32:11','admin','씨','C','','2020-09-06 21:32:11','admin',47),(3379,'2020-09-06 21:32:11','admin','디','D','','2020-09-06 21:32:11','admin',47),(3380,'2020-09-06 21:32:11','admin','이','E','','2020-09-06 21:32:11','admin',47),(3381,'2020-09-06 21:32:11','admin','에프','F','','2020-09-06 21:32:11','admin',47),(3382,'2020-09-06 21:32:11','admin','쥐','G','','2020-09-06 21:32:11','admin',47),(3383,'2020-09-06 21:32:11','admin','에이치','H','','2020-09-06 21:32:11','admin',47),(3384,'2020-09-06 21:32:11','admin','아이','I','','2020-09-06 21:32:11','admin',47),(3385,'2020-09-06 21:32:11','admin','제이','J','','2020-09-06 21:32:11','admin',47),(3386,'2020-09-06 21:32:11','admin','케이','K','','2020-09-06 21:32:11','admin',47),(3387,'2020-09-06 21:32:11','admin','엘','L','','2020-09-06 21:32:11','admin',47),(3388,'2020-09-06 21:32:11','admin','엠','M','','2020-09-06 21:32:11','admin',47),(3389,'2020-09-06 21:32:11','admin','엔','N','','2020-09-06 21:32:11','admin',47),(3390,'2020-09-06 21:32:11','admin','오','O','','2020-09-06 21:32:11','admin',47),(3391,'2020-09-06 21:32:11','admin','피','P','','2020-09-06 21:32:11','admin',47),(3392,'2020-09-06 21:32:11','admin','큐','Q','','2020-09-06 21:32:11','admin',47),(3393,'2020-09-06 21:32:11','admin','알','R','','2020-09-06 21:32:11','admin',47),(3394,'2020-09-06 21:32:11','admin','에쓰','S','','2020-09-06 21:32:11','admin',47),(3395,'2020-09-06 21:32:11','admin','티','T','','2020-09-06 21:32:11','admin',47),(3396,'2020-09-06 21:32:11','admin','유','U','','2020-09-06 21:32:11','admin',47),(3397,'2020-09-06 21:32:11','admin','브이','V','','2020-09-06 21:32:11','admin',47),(3398,'2020-09-06 21:32:11','admin','떠블유','W','','2020-09-06 21:32:11','admin',47),(3399,'2020-09-06 21:32:11','admin','엑쓰','X','','2020-09-06 21:32:11','admin',47),(3400,'2020-09-06 21:32:11','admin','와이','Y','','2020-09-06 21:32:11','admin',47),(3401,'2020-09-06 21:32:11','admin','지','Z','','2020-09-06 21:32:11','admin',47),(3402,'2020-09-06 21:32:11','admin','에이','a','','2020-09-06 21:32:11','admin',47),(3403,'2020-09-06 21:32:11','admin','비','b','','2020-09-06 21:32:11','admin',47),(3404,'2020-09-06 21:32:11','admin','씨','c','','2020-09-06 21:32:11','admin',47),(3405,'2020-09-06 21:32:11','admin','디','d','','2020-09-06 21:32:11','admin',47),(3406,'2020-09-06 21:32:11','admin','이','e','','2020-09-06 21:32:11','admin',47),(3407,'2020-09-06 21:32:11','admin','에프','f','','2020-09-06 21:32:11','admin',47),(3408,'2020-09-06 21:32:11','admin','쥐','g','','2020-09-06 21:32:11','admin',47),(3409,'2020-09-06 21:32:11','admin','에이치','h','','2020-09-06 21:32:11','admin',47),(3410,'2020-09-06 21:32:11','admin','아이','i','','2020-09-06 21:32:11','admin',47),(3411,'2020-09-06 21:32:11','admin','제이','j','','2020-09-06 21:32:11','admin',47),(3412,'2020-09-06 21:32:11','admin','케이','k','','2020-09-06 21:32:11','admin',47),(3413,'2020-09-06 21:32:11','admin','엘','l','','2020-09-06 21:32:11','admin',47),(3414,'2020-09-06 21:32:11','admin','엠','m','','2020-09-06 21:32:11','admin',47),(3415,'2020-09-06 21:32:11','admin','엔','n','','2020-09-06 21:32:11','admin',47),(3416,'2020-09-06 21:32:11','admin','오','o','','2020-09-06 21:32:11','admin',47),(3417,'2020-09-06 21:32:11','admin','피','p','','2020-09-06 21:32:11','admin',47),(3418,'2020-09-06 21:32:11','admin','큐','q','','2020-09-06 21:32:11','admin',47),(3419,'2020-09-06 21:32:11','admin','알','r','','2020-09-06 21:32:11','admin',47),(3420,'2020-09-06 21:32:11','admin','에쓰','s','','2020-09-06 21:32:11','admin',47),(3421,'2020-09-06 21:32:11','admin','티','t','','2020-09-06 21:32:11','admin',47),(3422,'2020-09-06 21:32:11','admin','유','u','','2020-09-06 21:32:11','admin',47),(3423,'2020-09-06 21:32:11','admin','브이','v','','2020-09-06 21:32:11','admin',47),(3424,'2020-09-06 21:32:11','admin','떠블유','w','','2020-09-06 21:32:11','admin',47),(3425,'2020-09-06 21:32:11','admin','엑쓰','x','','2020-09-06 21:32:11','admin',47),(3426,'2020-09-06 21:32:11','admin','와이','y','','2020-09-06 21:32:11','admin',47),(3427,'2020-09-06 21:32:11','admin','지','z','','2020-09-06 21:32:11','admin',47),(3467,'2020-09-07 16:41:42','admin','원플러스원','1+1','etc','2020-09-07 16:41:42','admin',7),(3468,'2020-09-07 16:41:42','admin','유월','06월','etc','2020-09-07 16:41:42','admin',7),(3469,'2020-09-07 16:41:42','admin','평까했습니다','평가했습니다','etc','2020-09-07 16:41:42','admin',7),(3470,'2020-09-07 16:41:42','admin','유까증권','유가증권','etc','2020-09-07 16:41:42','admin',7),(3471,'2020-09-07 16:41:42','admin',' 제곱 미터','㎡','etc','2020-09-07 16:41:42','admin',7),(3472,'2020-09-07 16:41:42','admin',' 도','℃','etc','2020-09-07 16:41:42','admin',7),(3473,'2020-09-07 16:41:42','admin','시월','10월','etc','2020-09-07 16:41:42','admin',7),(3474,'2020-09-07 16:41:42','admin','에쓰 콜','S-call','etc','2020-09-07 16:41:42','admin',7),(3475,'2020-09-07 16:41:42','admin','에쓰 콜','S-CALL','etc','2020-09-07 16:41:42','admin',7),(3476,'2020-09-07 16:41:42','admin','삐이','삐~','etc','2020-09-07 16:41:42','admin',7),(3477,'2020-09-07 16:41:42','admin','채꿘','채권','etc','2020-09-07 16:41:42','admin',7),(3478,'2020-09-07 16:41:42','admin','에쓰엠에쓰','SMS','etc','2020-09-07 16:41:42','admin',7),(3479,'2020-09-07 16:41:42','admin','일정 조껀','일정 조건','etc','2020-09-07 16:41:42','admin',7),(3480,'2020-09-07 16:41:43','admin','대출껀수','대출 건수','etc','2020-09-07 16:41:43','admin',7),(3481,'2020-09-07 16:41:43','admin',' 한껀',' 1건','etc','2020-09-07 16:41:43','admin',7),(3482,'2020-09-07 16:41:43','admin',' 두껀',' 2건','etc','2020-09-07 16:41:43','admin',7),(3483,'2020-09-07 16:41:43','admin',' 세껀',' 3건','etc','2020-09-07 16:41:43','admin',7),(3484,'2020-09-07 16:41:43','admin',' 네껀',' 4건','etc','2020-09-07 16:41:43','admin',7),(3485,'2020-09-07 16:41:43','admin',' 여덜껀',' 8건','etc','2020-09-07 16:41:43','admin',7),(3486,'2020-09-07 16:41:43','admin','미납 껀수','미납 건수','etc','2020-09-07 16:41:43','admin',7),(3487,'2020-09-07 16:41:43','admin','에쓰씨 제일','SC제일','etc','2020-09-07 16:41:43','admin',7),(3488,'2020-09-07 16:41:43','admin','에쓰씨 제일','SC 제일','etc','2020-09-07 16:41:43','admin',7),(3489,'2020-09-07 16:41:43','admin','써빗스','서비스','etc','2020-09-07 16:41:43','admin',7),(3490,'2020-09-07 16:41:43','admin','사껀번호','사건번호','etc','2020-09-07 16:41:43','admin',7),(3491,'2020-09-07 16:41:43','admin','대출조껀','대출조건','etc','2020-09-07 16:41:43','admin',7),(3492,'2020-09-07 16:41:43','admin','상환조껀','상환조건','etc','2020-09-07 16:41:43','admin',7),(3493,'2020-09-07 16:41:43','admin','안싸오니','않사오니','etc','2020-09-07 16:41:43','admin',7),(3494,'2020-09-07 16:41:43','admin','이 공 이 공 개회, 일 이 삼 사','2020개회1234','etc','2020-09-07 16:41:43','admin',7),(3495,'2020-09-07 16:41:43','admin','이 공 이 공 하면, 일 이 삼 사','2020하면1234','etc','2020-09-07 16:41:43','admin',7),(3496,'2020-09-07 16:41:43','admin','이 공 이 공 별, 일 이 삼 사','2020*1234','etc','2020-09-07 16:41:43','admin',7),(3497,'2020-09-07 16:41:43','admin','연체껀수','연체건수','etc','2020-09-07 16:41:43','admin',7),(3498,'2020-09-07 16:41:43','admin','문이, ','문의, ','etc','2020-09-07 16:41:43','admin',7),(3499,'2020-09-07 16:41:43','admin','일육 일 일, 삼삼일오번','1611-3315번','etc','2020-09-07 16:41:43','admin',7),(3500,'2020-09-07 16:41:43','admin','일오팔팔, 이 이 구공번','1588-2290번','etc','2020-09-07 16:41:43','admin',7),(3501,'2020-09-07 16:41:43','admin','% 에서 ','%~','etc','2020-09-07 16:41:43','admin',7),(3502,'2020-09-07 16:41:43','admin','으뢰로','의뢰로','etc','2020-09-07 16:41:43','admin',7),(3503,'2020-09-07 16:41:43','admin','케이비','KB','etc','2020-09-07 16:41:43','admin',7),(3504,'2020-09-07 16:41:43','admin','케이비','kb','etc','2020-09-07 16:41:43','admin',7),(3505,'2020-09-07 16:41:43','admin','노리','nori','etc','2020-09-07 16:41:43','admin',7),(3506,'2020-09-07 16:41:43','admin','이,공,이,공,일,이,삼,사,를','20201234를','etc','2020-09-07 16:41:43','admin',7);
/*!40000 ALTER TABLE `pp_data_tb` ENABLE KEYS */;
UNLOCK TABLES;

--
-- Table structure for table `pp_data_tb_orig`
--

DROP TABLE IF EXISTS `pp_data_tb_orig`;
/*!40101 SET @saved_cs_client     = @@character_set_client */;
/*!40101 SET character_set_client = utf8 */;
CREATE TABLE `pp_data_tb_orig` (
  `data_id` bigint(20) NOT NULL DEFAULT '0',
  `created_dtm` datetime DEFAULT NULL,
  `creator_id` varchar(255) CHARACTER SET utf8 DEFAULT NULL,
  `data_after` varchar(255) CHARACTER SET utf8 DEFAULT NULL,
  `data_before` varchar(255) CHARACTER SET utf8 DEFAULT NULL,
  `data_note` varchar(255) CHARACTER SET utf8 DEFAULT NULL,
  `updated_dtm` datetime DEFAULT NULL,
  `updater_id` varchar(255) CHARACTER SET utf8 DEFAULT NULL,
  `table_id` bigint(20) DEFAULT NULL
) ENGINE=InnoDB DEFAULT CHARSET=utf8mb4 COLLATE=utf8mb4_unicode_ci;
/*!40101 SET character_set_client = @saved_cs_client */;

--
-- Dumping data for table `pp_data_tb_orig`
--

LOCK TABLES `pp_data_tb_orig` WRITE;
/*!40000 ALTER TABLE `pp_data_tb_orig` DISABLE KEYS */;
INSERT INTO `pp_data_tb_orig` VALUES (1,'2019-08-26 15:11:21','mljws0212','에이씨','AC','eng_word',NULL,NULL,1),(2,'2019-08-26 15:11:21','mljws0212','에이아이','AI','eng_word',NULL,NULL,1),(3,'2019-08-26 15:11:21','mljws0212','에이아이비','AIB','eng_word',NULL,NULL,1),(4,'2019-08-26 15:11:21','mljws0212','에이피','AP','eng_word',NULL,NULL,1),(5,'2019-08-26 15:11:21','mljws0212','비비씨','BBC','eng_word',NULL,NULL,1),(6,'2019-08-26 15:11:21','mljws0212','비비케이','BBK','eng_word',NULL,NULL,1),(7,'2019-08-26 15:11:21','mljws0212','삐씨','BC','eng_word',NULL,NULL,1),(8,'2019-08-26 15:11:21','mljws0212','비아이에프에프','BIFF','eng_word',NULL,NULL,1),(9,'2019-08-26 15:11:21','mljws0212','캣','CAT','eng_word',NULL,NULL,1),(10,'2019-08-26 15:11:21','mljws0212','씨씨티비','CCTV','eng_word',NULL,NULL,1),(11,'2019-08-26 15:11:21','mljws0212','씨이오','CEO','eng_word',NULL,NULL,1),(12,'2019-08-26 15:11:21','mljws0212','씨아이에이','CIA','eng_word',NULL,NULL,1),(13,'2019-08-26 15:11:21','mljws0212','씨아이피에이','CIPA','eng_word',NULL,NULL,1),(14,'2019-08-26 15:11:21','mljws0212','씨엔엔','CNN','eng_word',NULL,NULL,1),(15,'2019-08-26 15:11:21','mljws0212','씨에스','CS','eng_word',NULL,NULL,1),(16,'2019-08-26 15:11:21','mljws0212','채벌','Chaebol','eng_word',NULL,NULL,1),(17,'2019-08-26 15:11:21','mljws0212','디디티','DDT','eng_word',NULL,NULL,1),(18,'2019-08-26 15:11:21','mljws0212','디제이','DJ','eng_word',NULL,NULL,1),(19,'2019-08-26 15:11:21','mljws0212','디엔에이','DNA','eng_word',NULL,NULL,1),(20,'2019-08-26 15:11:21','mljws0212','디오씨','DOC','eng_word',NULL,NULL,1),(21,'2019-08-26 15:11:21','mljws0212','디비디','DVD','eng_word',NULL,NULL,1),(22,'2019-08-26 15:11:21','mljws0212','디나이얼','Denial','eng_word',NULL,NULL,1),(23,'2019-08-26 15:11:21','mljws0212','데브시스터즈','Devsisters','eng_word',NULL,NULL,1),(24,'2019-08-26 15:11:21','mljws0212','드럼','Drum','eng_word',NULL,NULL,1),(25,'2019-08-26 15:11:21','mljws0212','이에이치','EH','eng_word',NULL,NULL,1),(26,'2019-08-26 15:11:21','mljws0212','에프씨케이','FCK','eng_word',NULL,NULL,1),(27,'2019-08-26 15:11:21','mljws0212','에프티에이','FTA','eng_word',NULL,NULL,1),(28,'2019-08-26 15:11:21','mljws0212','지에이','GA','eng_word',NULL,NULL,1),(29,'2019-08-26 15:11:21','mljws0212','지디피','GDP','eng_word',NULL,NULL,1),(30,'2019-08-26 15:11:21','mljws0212','지비','GV','eng_word',NULL,NULL,1),(31,'2019-08-26 15:11:21','mljws0212','하모니','Halmuny','eng_word',NULL,NULL,1),(32,'2019-08-26 15:11:21','mljws0212','아이아이','III','eng_word',NULL,NULL,1),(33,'2019-08-26 15:11:21','mljws0212','아이엠에프','IMF','eng_word',NULL,NULL,1),(34,'2019-08-26 15:11:21','mljws0212','아이큐','IQ','eng_word',NULL,NULL,1),(35,'2019-08-26 15:11:21','mljws0212','아이에스','IS','eng_word',NULL,NULL,1),(36,'2019-08-26 15:11:21','mljws0212','아이티','IT','eng_word',NULL,NULL,1),(37,'2019-08-26 15:11:21','mljws0212','제이에스에이','JSA','eng_word',NULL,NULL,1),(38,'2019-08-26 15:11:21','mljws0212','제이티비씨','JTBC','eng_word',NULL,NULL,1),(39,'2019-08-26 15:11:21','mljws0212','케이비오','KBO','eng_word',NULL,NULL,1),(40,'2019-08-26 15:11:21','mljws0212','케이디아이','KDI','eng_word',NULL,NULL,1),(41,'2019-08-26 15:11:21','mljws0212','케이에프엑스','KFX','eng_word',NULL,NULL,1),(42,'2019-08-26 15:11:21','mljws0212','기아','KIA','eng_word',NULL,NULL,1),(43,'2019-08-26 15:11:21','mljws0212','코리아','KOREA','eng_word',NULL,NULL,1),(44,'2019-08-26 15:11:21','mljws0212','케이티엑스','KTX','eng_word',NULL,NULL,1),(45,'2019-08-26 15:11:21','mljws0212','케이와이','KY','eng_word',NULL,NULL,1),(46,'2019-08-26 15:11:21','mljws0212','엘에이','LA','eng_word',NULL,NULL,1),(47,'2019-08-26 15:11:21','mljws0212','엘지','LG','eng_word',NULL,NULL,1),(48,'2019-08-26 15:11:21','mljws0212','엘피지에이','LPGA','eng_word',NULL,NULL,1),(49,'2019-08-26 15:11:21','mljws0212','엠비','MB','eng_word',NULL,NULL,1),(50,'2019-08-26 15:11:21','mljws0212','엠아이티','MIT','eng_word',NULL,NULL,1),(51,'2019-08-26 15:11:21','mljws0212','엠알제이','MRJ','eng_word',NULL,NULL,1),(52,'2019-08-26 15:11:21','mljws0212','마인즈랩','Mindslab','eng_word',NULL,NULL,1),(53,'2019-08-26 15:11:21','mljws0212','엔이아이에스','NEIS','eng_word',NULL,NULL,1),(54,'2019-08-26 15:11:21','mljws0212','엔오','NO','eng_word',NULL,NULL,1),(55,'2019-08-26 15:11:21','mljws0212','오이씨디','OECD','eng_word',NULL,NULL,1),(56,'2019-08-26 15:11:21','mljws0212','오오','OO','eng_word',NULL,NULL,1),(57,'2019-08-26 15:11:21','mljws0212','피비에스','PBS','eng_word',NULL,NULL,1),(58,'2019-08-26 15:11:21','mljws0212','피씨','PC','eng_word',NULL,NULL,1),(59,'2019-08-26 15:11:21','mljws0212','피지에이','PGA','eng_word',NULL,NULL,1),(60,'2019-08-26 15:11:21','mljws0212','피엠','PM','eng_word',NULL,NULL,1),(61,'2019-08-26 15:11:21','mljws0212','프레스','PRESS','eng_word',NULL,NULL,1),(62,'2019-08-26 15:11:21','mljws0212','에스에프','SF','eng_word',NULL,NULL,1),(63,'2019-08-26 15:11:21','mljws0212','에스엔에스','SNS','eng_word',NULL,NULL,1),(64,'2019-08-26 15:11:21','mljws0212','스탑','STOP','eng_word',NULL,NULL,1),(65,'2019-08-26 15:11:21','mljws0212','산타','Santa','eng_word',NULL,NULL,1),(66,'2019-08-26 15:11:21','mljws0212','스워드라인','Swordline','eng_word',NULL,NULL,1),(67,'2019-08-26 15:11:21','mljws0212','티비에스','TBS','eng_word',NULL,NULL,1),(68,'2019-08-26 15:11:21','mljws0212','티비','TV','eng_word',NULL,NULL,1),(69,'2019-08-26 15:11:21','mljws0212','유에프씨','UFC','eng_word',NULL,NULL,1),(70,'2019-08-26 15:11:21','mljws0212','유엔','UN','eng_word',NULL,NULL,1),(71,'2019-08-26 15:11:21','mljws0212','유에스','US','eng_word',NULL,NULL,1),(72,'2019-08-26 15:11:21','mljws0212','와이에치','YH','eng_word',NULL,NULL,1),(73,'2019-08-26 15:11:21','mljws0212','와이에스','YS','eng_word',NULL,NULL,1),(74,'2019-08-26 15:11:21','mljws0212','어빌리티','ability','eng_word',NULL,NULL,1),(75,'2019-08-26 15:11:21','mljws0212','어폴로지','apology','eng_word',NULL,NULL,1),(76,'2019-08-26 15:11:21','mljws0212','빌','bill','eng_word',NULL,NULL,1),(77,'2019-08-26 15:11:21','mljws0212','다운','down','eng_word',NULL,NULL,1),(78,'2019-08-26 15:11:21','mljws0212','프란시스코','francisco','eng_word',NULL,NULL,1),(79,'2019-08-26 15:11:21','mljws0212','험블','humble','eng_word',NULL,NULL,1),(80,'2019-08-26 15:11:21','mljws0212','아이돌','idol','eng_word',NULL,NULL,1),(81,'2019-08-26 15:11:21','mljws0212','트랙','track','eng_word',NULL,NULL,1),(82,'2019-08-26 15:11:21','mljws0212','업','up','eng_word',NULL,NULL,1),(83,'2019-08-26 15:11:21','mljws0212','히스','His','eng_word',NULL,NULL,1),(84,'2019-08-26 15:11:21','mljws0212','마스터스','Master\'s','eng_word',NULL,NULL,1),(85,'2019-08-26 15:11:21','mljws0212','보이스','Voice','eng_word',NULL,NULL,1),(86,'2019-08-26 15:11:21','mljws0212','브릴리언트','Brilliant','eng_word',NULL,NULL,1),(87,'2019-08-26 15:11:21','mljws0212','오르페오','ORFEO','eng_word',NULL,NULL,1),(88,'2019-08-26 15:11:21','mljws0212','소니','SONY','eng_word',NULL,NULL,1),(89,'2019-08-26 15:11:21','mljws0212','데카','DECCA','eng_word',NULL,NULL,1),(129,'2019-08-26 15:11:21','mljws0212','영','0','num_simple',NULL,NULL,3),(130,'2019-08-26 15:11:21','mljws0212','일','1','num_simple',NULL,NULL,3),(131,'2019-08-26 15:11:21','mljws0212','이','2','num_simple',NULL,NULL,3),(132,'2019-08-26 15:11:21','mljws0212','삼','3','num_simple',NULL,NULL,3),(133,'2019-08-26 15:11:21','mljws0212','사','4','num_simple',NULL,NULL,3),(134,'2019-08-26 15:11:21','mljws0212','오','5','num_simple',NULL,NULL,3),(135,'2019-08-26 15:11:21','mljws0212','육','6','num_simple',NULL,NULL,3),(136,'2019-08-26 15:11:21','mljws0212','칠','7','num_simple',NULL,NULL,3),(137,'2019-08-26 15:11:21','mljws0212','팔','8','num_simple',NULL,NULL,3),(138,'2019-08-26 15:11:21','mljws0212','구','9','num_simple',NULL,NULL,3),(143,'2019-08-26 15:11:21','mljws0212','아홉','구','num_count_single',NULL,NULL,4),(144,'2019-08-26 15:11:21','mljws0212','네','사','num_count_single',NULL,NULL,4),(145,'2019-08-26 15:11:21','mljws0212','세','삼','num_count_single',NULL,NULL,4),(146,'2019-08-26 15:11:21','mljws0212','다섯','오','num_count_single',NULL,NULL,4),(147,'2019-08-26 15:11:21','mljws0212','여섯','육','num_count_single',NULL,NULL,4),(148,'2019-08-26 15:11:21','mljws0212','두','이','num_count_single',NULL,NULL,4),(149,'2019-08-26 15:11:21','mljws0212','한','일','num_count_single',NULL,NULL,4),(150,'2019-08-26 15:11:21','mljws0212','일곱','칠','num_count_single',NULL,NULL,4),(151,'2019-08-26 15:11:21','mljws0212','여덟','팔','num_count_single',NULL,NULL,4),(158,'2019-08-26 15:11:21','mljws0212','마흔','네십','num_count_double',NULL,NULL,5),(159,'2019-08-26 15:11:21','mljws0212','쉰','다섯십','num_count_double',NULL,NULL,5),(160,'2019-08-26 15:11:21','mljws0212','스물','두십','num_count_double',NULL,NULL,5),(161,'2019-08-26 15:11:21','mljws0212','서른','세십','num_count_double',NULL,NULL,5),(162,'2019-08-26 15:11:21','mljws0212','아흔','아홉십','num_count_double',NULL,NULL,5),(163,'2019-08-26 15:11:21','mljws0212','여든','여덟십','num_count_double',NULL,NULL,5),(164,'2019-08-26 15:11:21','mljws0212','예순','여섯십','num_count_double',NULL,NULL,5),(165,'2019-08-26 15:11:21','mljws0212','일흔','일곱십','num_count_double',NULL,NULL,5),(166,'2019-08-26 15:11:21','mljws0212','열','한십','num_count_double',NULL,NULL,5),(167,'2019-08-26 15:11:21','mljws0212','열','일십','num_count_double',NULL,NULL,5),(168,'2019-08-26 15:11:21','mljws0212','일곱','한곱','num_count_double',NULL,NULL,5),(173,'2019-08-26 15:11:21','mljws0212','에이','A','eng_letter',NULL,NULL,2),(174,'2019-08-26 15:11:21','mljws0212','비','B','eng_letter',NULL,NULL,2),(175,'2019-08-26 15:11:21','mljws0212','씨','C','eng_letter',NULL,NULL,2),(176,'2019-08-26 15:11:21','mljws0212','디','D','eng_letter',NULL,NULL,2),(177,'2019-08-26 15:11:21','mljws0212','이','E','eng_letter',NULL,NULL,2),(178,'2019-08-26 15:11:21','mljws0212','에프','F','eng_letter',NULL,NULL,2),(179,'2019-08-26 15:11:21','mljws0212','지','G','eng_letter',NULL,NULL,2),(180,'2019-08-26 15:11:21','mljws0212','에이치','H','eng_letter',NULL,NULL,2),(181,'2019-08-26 15:11:21','mljws0212','아이','I','eng_letter',NULL,NULL,2),(182,'2019-08-26 15:11:21','mljws0212','제이','J','eng_letter',NULL,NULL,2),(183,'2019-08-26 15:11:21','mljws0212','케이','K','eng_letter',NULL,NULL,2),(184,'2019-08-26 15:11:21','mljws0212','엘','L','eng_letter',NULL,NULL,2),(185,'2019-08-26 15:11:21','mljws0212','엠','M','eng_letter',NULL,NULL,2),(186,'2019-08-26 15:11:21','mljws0212','엔','N','eng_letter',NULL,NULL,2),(187,'2019-08-26 15:11:21','mljws0212','오','O','eng_letter',NULL,NULL,2),(188,'2019-08-26 15:11:21','mljws0212','피','P','eng_letter',NULL,NULL,2),(189,'2019-08-26 15:11:21','mljws0212','큐','Q','eng_letter',NULL,NULL,2),(190,'2019-08-26 15:11:21','mljws0212','알','R','eng_letter',NULL,NULL,2),(191,'2019-08-26 15:11:21','mljws0212','에스','S','eng_letter',NULL,NULL,2),(192,'2019-08-26 15:11:21','mljws0212','티','T','eng_letter',NULL,NULL,2),(193,'2019-08-26 15:11:21','mljws0212','유','U','eng_letter',NULL,NULL,2),(194,'2019-08-26 15:11:21','mljws0212','브이','V','eng_letter',NULL,NULL,2),(195,'2019-08-26 15:11:21','mljws0212','더블유','W','eng_letter',NULL,NULL,2),(196,'2019-08-26 15:11:21','mljws0212','엑스','X','eng_letter',NULL,NULL,2),(197,'2019-08-26 15:11:21','mljws0212','와이','Y','eng_letter',NULL,NULL,2),(198,'2019-08-26 15:11:21','mljws0212','지','Z','eng_letter',NULL,NULL,2),(205,'2019-08-26 15:11:21','mljws0212','원플러스원','1+1','etc',NULL,NULL,7),(206,'2019-08-26 15:11:21','mljws0212','유월','6월','etc',NULL,NULL,7),(207,'2019-08-26 15:11:21','mljws0212','시월','10월','etc',NULL,NULL,7),(208,'2019-08-26 15:11:21','mljws0212','평까했습니다','평가했습니다','etc',NULL,NULL,7),(209,'2019-08-26 15:11:21','mljws0212','유까증권','유가증권','etc',NULL,NULL,7),(210,'2019-08-26 15:11:21','mljws0212','\'','\"','etc',NULL,NULL,7),(211,'2019-08-26 15:11:21','mljws0212',' 제곱 미터','㎡','etc',NULL,NULL,7),(212,'2019-08-26 15:11:21','mljws0212',' 도','℃','etc',NULL,NULL,7),(219,'2019-08-26 15:11:21','mljws0212','퍼센트','%','metrics',NULL,NULL,6),(220,'2019-08-26 15:11:21','mljws0212','센치미터','cm','metrics',NULL,NULL,6),(221,'2019-08-26 15:11:21','mljws0212','킬로그람','kg','metrics',NULL,NULL,6),(222,'2019-08-26 15:11:21','mljws0212','킬로미터','km','metrics',NULL,NULL,6),(223,'2019-08-26 15:11:21','mljws0212','밀리미터','mm','metrics',NULL,NULL,6),(224,'2019-08-26 15:11:21','mljws0212','도','℃','metrics',NULL,NULL,6),(225,'2019-08-26 15:11:21','mljws0212','제곱미터','㎡','metrics',NULL,NULL,6),(226,'2019-08-26 15:11:21','mljws0212','퍼센트포인트','%p','metrics',NULL,NULL,6),(227,'2019-08-26 15:11:21','mljws0212','헥토파스칼','hPa','metrics',NULL,NULL,6),(228,'2019-08-26 15:11:21','mljws0212','그람','g','metrics',NULL,NULL,6),(229,'2019-08-26 15:11:21','mljws0212','미터','m','metrics',NULL,NULL,6);
/*!40000 ALTER TABLE `pp_data_tb_orig` ENABLE KEYS */;
UNLOCK TABLES;

--
-- Table structure for table `pp_process_tb`
--

DROP TABLE IF EXISTS `pp_process_tb`;
/*!40101 SET @saved_cs_client     = @@character_set_client */;
/*!40101 SET character_set_client = utf8 */;
CREATE TABLE `pp_process_tb` (
  `process_id` bigint(20) NOT NULL AUTO_INCREMENT,
  `created_dtm` datetime DEFAULT NULL,
  `creator_id` varchar(255) COLLATE utf8mb4_unicode_ci DEFAULT NULL,
  `process_order` int(11) DEFAULT NULL,
  `rule_id` bigint(20) DEFAULT NULL,
  `data_table_id` bigint(20) DEFAULT NULL,
  `updated_dtm` datetime DEFAULT NULL,
  `updater_id` varchar(255) COLLATE utf8mb4_unicode_ci DEFAULT NULL,
  `use_yn` varchar(255) COLLATE utf8mb4_unicode_ci DEFAULT NULL,
  `profile_id` bigint(20) DEFAULT NULL,
  PRIMARY KEY (`process_id`),
  KEY `FKlnj982xr7nvh8fkkr5pil94sq` (`profile_id`),
  CONSTRAINT `FKlnj982xr7nvh8fkkr5pil94sq` FOREIGN KEY (`profile_id`) REFERENCES `pp_profile_tb` (`profile_id`)
) ENGINE=InnoDB AUTO_INCREMENT=2553 DEFAULT CHARSET=utf8mb4 COLLATE=utf8mb4_unicode_ci;
/*!40101 SET character_set_client = @saved_cs_client */;

--
-- Dumping data for table `pp_process_tb`
--

LOCK TABLES `pp_process_tb` WRITE;
/*!40000 ALTER TABLE `pp_process_tb` DISABLE KEYS */;
INSERT INTO `pp_process_tb` VALUES (1045,'2020-02-05 16:22:56','admin',1,28,8,'2020-02-05 16:22:56','admin','Y',2),(1046,'2020-02-05 16:22:56','admin',2,29,33,'2020-02-05 16:22:56','admin','Y',2),(1047,'2020-02-05 16:22:56','admin',3,34,34,'2020-02-05 16:22:56','admin','Y',2),(1048,'2020-02-05 16:22:56','admin',4,6,35,'2020-02-05 16:22:56','admin','Y',2),(1049,'2020-02-05 16:22:56','admin',5,38,29,'2020-02-05 16:22:56','admin','Y',2),(1050,'2020-02-05 16:22:56','admin',6,37,25,'2020-02-05 16:22:56','admin','N',2),(1051,'2020-02-05 16:22:56','admin',7,36,14,'2020-02-05 16:22:56','admin','Y',2),(2521,'2020-09-07 10:37:30','admin',1,1,8,'2020-09-07 10:37:30','admin','Y',1),(2522,'2020-09-07 10:37:30','admin',2,2,8,'2020-09-07 10:37:30','admin','N',1),(2523,'2020-09-07 10:37:30','admin',3,3,10,'2020-09-07 10:37:30','admin','Y',1),(2524,'2020-09-07 10:37:30','admin',4,4,11,'2020-09-07 10:37:30','admin','Y',1),(2525,'2020-09-07 10:37:30','admin',5,42,37,'2020-09-07 10:37:30','admin','Y',1),(2526,'2020-09-07 10:37:30','admin',6,19,7,'2020-09-07 10:37:30','admin','Y',1),(2527,'2020-09-07 10:37:30','admin',7,19,47,'2020-09-07 10:37:30','admin','Y',1),(2528,'2020-09-07 10:37:30','admin',8,19,36,'2020-09-07 10:37:30','admin','Y',1),(2529,'2020-09-07 10:37:30','admin',9,5,1,'2020-09-07 10:37:30','admin','Y',1),(2530,'2020-09-07 10:37:30','admin',10,44,39,'2020-09-07 10:37:30','admin','Y',1),(2531,'2020-09-07 10:37:30','admin',11,41,20,'2020-09-07 10:37:30','admin','Y',1),(2532,'2020-09-07 10:37:30','admin',12,10,20,'2020-09-07 10:37:30','admin','Y',1),(2533,'2020-09-07 10:37:30','admin',13,11,9,'2020-09-07 10:37:30','admin','Y',1),(2534,'2020-09-07 10:37:30','admin',14,12,19,'2020-09-07 10:37:30','admin','Y',1),(2535,'2020-09-07 10:37:30','admin',15,13,16,'2020-09-07 10:37:30','admin','Y',1),(2536,'2020-09-07 10:37:30','admin',16,14,17,'2020-09-07 10:37:30','admin','Y',1),(2537,'2020-09-07 10:37:30','admin',17,15,18,'2020-09-07 10:37:30','admin','Y',1),(2538,'2020-09-07 10:37:30','admin',18,17,6,'2020-09-07 10:37:30','admin','Y',1),(2539,'2020-09-07 10:37:30','admin',19,20,13,'2020-09-07 10:37:30','admin','Y',1),(2540,'2020-09-07 10:37:30','admin',20,25,22,'2020-09-07 10:37:30','admin','Y',1),(2541,'2020-09-07 10:37:30','admin',21,21,2,'2020-09-07 10:37:30','admin','Y',1),(2542,'2020-09-07 10:37:30','admin',22,6,15,'2020-09-07 10:37:30','admin','Y',1),(2543,'2020-09-07 10:37:30','admin',23,16,3,'2020-09-07 10:37:30','admin','Y',1),(2544,'2020-09-07 10:37:30','admin',24,19,NULL,'2020-09-07 10:37:30','admin','N',1),(2545,'2020-09-07 10:37:30','admin',25,18,14,'2020-09-07 10:37:30','admin','Y',1),(2546,'2020-09-07 10:37:30','admin',26,39,NULL,'2020-09-07 10:37:30','admin','Y',1),(2547,'2020-09-07 10:37:30','admin',27,22,14,'2020-09-07 10:37:30','admin','Y',1),(2548,'2020-09-07 10:37:30','admin',28,26,14,'2020-09-07 10:37:30','admin','Y',1),(2549,'2020-09-07 10:37:30','admin',29,27,24,'2020-09-07 10:37:30','admin','Y',1),(2550,'2020-09-07 10:37:30','admin',30,8,8,'2020-09-07 10:37:30','admin','Y',1),(2551,'2020-09-07 10:37:30','admin',31,43,38,'2020-09-07 10:37:30','admin','Y',1),(2552,'2020-09-07 10:37:30','admin',32,19,40,'2020-09-07 10:37:30','admin','Y',1);
/*!40000 ALTER TABLE `pp_process_tb` ENABLE KEYS */;
UNLOCK TABLES;

--
-- Table structure for table `pp_process_tb_orig`
--

DROP TABLE IF EXISTS `pp_process_tb_orig`;
/*!40101 SET @saved_cs_client     = @@character_set_client */;
/*!40101 SET character_set_client = utf8 */;
CREATE TABLE `pp_process_tb_orig` (
  `process_id` bigint(20) NOT NULL DEFAULT '0',
  `created_dtm` datetime DEFAULT NULL,
  `creator_id` varchar(255) CHARACTER SET utf8 DEFAULT NULL,
  `process_order` int(11) DEFAULT NULL,
  `rule_id` bigint(20) DEFAULT NULL,
  `table_id` bigint(20) DEFAULT NULL,
  `updated_dtm` datetime DEFAULT NULL,
  `updater_id` varchar(255) CHARACTER SET utf8 DEFAULT NULL,
  `use_yn` varchar(255) CHARACTER SET utf8 DEFAULT NULL,
  `profile_id` bigint(20) DEFAULT NULL
) ENGINE=InnoDB DEFAULT CHARSET=utf8mb4 COLLATE=utf8mb4_unicode_ci;
/*!40101 SET character_set_client = @saved_cs_client */;

--
-- Dumping data for table `pp_process_tb_orig`
--

LOCK TABLES `pp_process_tb_orig` WRITE;
/*!40000 ALTER TABLE `pp_process_tb_orig` DISABLE KEYS */;
/*!40000 ALTER TABLE `pp_process_tb_orig` ENABLE KEYS */;
UNLOCK TABLES;

--
-- Table structure for table `pp_profile_tb`
--

DROP TABLE IF EXISTS `pp_profile_tb`;
/*!40101 SET @saved_cs_client     = @@character_set_client */;
/*!40101 SET character_set_client = utf8 */;
CREATE TABLE `pp_profile_tb` (
  `profile_id` bigint(20) NOT NULL AUTO_INCREMENT,
  `created_dtm` datetime DEFAULT NULL,
  `creator_id` varchar(255) COLLATE utf8mb4_unicode_ci DEFAULT NULL,
  `profile_name` varchar(255) COLLATE utf8mb4_unicode_ci NOT NULL,
  `profile_type` varchar(255) COLLATE utf8mb4_unicode_ci DEFAULT NULL,
  `updated_dtm` datetime DEFAULT NULL,
  `updater_id` varchar(255) COLLATE utf8mb4_unicode_ci DEFAULT NULL,
  PRIMARY KEY (`profile_id`)
) ENGINE=InnoDB AUTO_INCREMENT=3 DEFAULT CHARSET=utf8mb4 COLLATE=utf8mb4_unicode_ci;
/*!40101 SET character_set_client = @saved_cs_client */;

--
-- Dumping data for table `pp_profile_tb`
--

LOCK TABLES `pp_profile_tb` WRITE;
/*!40000 ALTER TABLE `pp_profile_tb` DISABLE KEYS */;
INSERT INTO `pp_profile_tb` VALUES (1,'2019-09-03 10:33:19','mljws0212','kor_default','normal','2020-02-05 16:22:48','admin'),(2,'2019-11-22 18:15:16','admin','eng_default','normal','2020-02-05 16:22:56','admin');
/*!40000 ALTER TABLE `pp_profile_tb` ENABLE KEYS */;
UNLOCK TABLES;

--
-- Table structure for table `pp_profile_tb_orig`
--

DROP TABLE IF EXISTS `pp_profile_tb_orig`;
/*!40101 SET @saved_cs_client     = @@character_set_client */;
/*!40101 SET character_set_client = utf8 */;
CREATE TABLE `pp_profile_tb_orig` (
  `profile_id` bigint(20) NOT NULL DEFAULT '0',
  `created_dtm` datetime DEFAULT NULL,
  `creator_id` varchar(255) CHARACTER SET utf8 DEFAULT NULL,
  `profile_name` varchar(255) CHARACTER SET utf8 DEFAULT NULL,
  `profile_type` varchar(255) CHARACTER SET utf8 DEFAULT NULL,
  `updated_dtm` datetime DEFAULT NULL,
  `updater_id` varchar(255) CHARACTER SET utf8 DEFAULT NULL
) ENGINE=InnoDB DEFAULT CHARSET=utf8mb4 COLLATE=utf8mb4_unicode_ci;
/*!40101 SET character_set_client = @saved_cs_client */;

--
-- Dumping data for table `pp_profile_tb_orig`
--

LOCK TABLES `pp_profile_tb_orig` WRITE;
/*!40000 ALTER TABLE `pp_profile_tb_orig` DISABLE KEYS */;
/*!40000 ALTER TABLE `pp_profile_tb_orig` ENABLE KEYS */;
UNLOCK TABLES;

--
-- Table structure for table `pp_rule_tb`
--

DROP TABLE IF EXISTS `pp_rule_tb`;
/*!40101 SET @saved_cs_client     = @@character_set_client */;
/*!40101 SET character_set_client = utf8 */;
CREATE TABLE `pp_rule_tb` (
  `rule_id` bigint(20) NOT NULL AUTO_INCREMENT,
  `created_dtm` datetime DEFAULT NULL,
  `creator_id` varchar(255) COLLATE utf8mb4_unicode_ci DEFAULT NULL,
  `rule_expression` varchar(255) COLLATE utf8mb4_unicode_ci DEFAULT NULL,
  `rule_name` varchar(255) COLLATE utf8mb4_unicode_ci NOT NULL,
  `rule_type` varchar(255) COLLATE utf8mb4_unicode_ci DEFAULT NULL,
  `updated_dtm` datetime DEFAULT NULL,
  `updater_id` varchar(255) COLLATE utf8mb4_unicode_ci DEFAULT NULL,
  PRIMARY KEY (`rule_id`)
) ENGINE=InnoDB AUTO_INCREMENT=45 DEFAULT CHARSET=utf8mb4 COLLATE=utf8mb4_unicode_ci;
/*!40101 SET character_set_client = @saved_cs_client */;

--
-- Dumping data for table `pp_rule_tb`
--

LOCK TABLES `pp_rule_tb` WRITE;
/*!40000 ALTER TABLE `pp_rule_tb` DISABLE KEYS */;
INSERT INTO `pp_rule_tb` VALUES (1,'2019-08-26 14:16:59','mljws0212','[\\(]([^\\(|\\)])*[\\)]','괄호제거','regex',NULL,NULL),(2,'2019-08-26 15:15:05','mljws0212','[⺀-⺙⺛-⻳⼀-⿕々〇〡-〩〸-〺〻㐀-䶵一-鿃豈-鶴侮-頻並-龎]+','한자제거','regex',NULL,NULL),(3,'2019-08-26 15:16:16','mljws0212','(\\n {1,}\\n)|(\\n\\.\\n)','newLine','regex',NULL,NULL),(4,'2019-08-29 10:38:50','mljws0212','·|·','가운데점변환','regex',NULL,NULL),(5,'2019-08-29 10:39:50','mljws0212','([a-zA-Z]+\'[a-zA-Z]+)|[a-zA-Z]+','영어변환','regex',NULL,NULL),(6,'2019-08-29 10:40:28','mljws0212','([+-]?\\d[\\d,]*)([.\\d]*)','숫자검출','regex',NULL,NULL),(7,'2019-08-29 10:41:15','mljws0212','(시|명|가지|살|마리|포기|송이|수|톨|통|개|벌|척|채|다발|그루|자루|줄|켤레|그릇|잔|마디|상자|사람|곡|병|판|달|자리|건)','셈숫자검출_kor','regex',NULL,NULL),(8,'2019-08-29 10:42:32','mljws0212','[^가-힣\\!\\\'\\(\\)\\,\\-\\.\\:\\;\\? \\n\\\\/]','제거문자_kor','regex','2020-05-21 14:31:08','admin'),(9,'2019-08-29 10:43:49','mljws0212','((\\d{3}|\\d{2})-(\\d{4})-(\\d{4}))','핸드폰번호검출','regex',NULL,NULL),(10,'2019-08-29 10:44:04','mljws0212','\\d+\\-+\\d+\\-\\d+','계좌번호검출','regex',NULL,NULL),(11,'2019-08-29 10:45:43','mljws0212','([+-]?\\d[\\d,]*)([\\.\\d]*)(\\~| \\~|\\~ | \\~ )([+-]?\\d[\\d,]*)([\\.\\d]*)','숫자~숫자검출','regex',NULL,NULL),(12,'2019-08-29 10:46:00','mljws0212','([+-]?\\d[\\d,]*)([\\.\\d]*)\\/([+-]?\\d[\\d,]*)([\\.\\d]*)','분수검출','regex',NULL,NULL),(13,'2019-08-29 10:47:02','mljws0212','([+-]?\\d[\\d,]*)([\\.\\d]*)(( |)m\\/s)','초속검출','regex',NULL,NULL),(14,'2019-08-29 10:47:18','mljws0212','([+-]?\\d[\\d,]*)([\\.\\d]*)(( |)km\\/h)','시속검출','regex',NULL,NULL),(15,'2019-08-29 10:47:40','mljws0212','([+-]?\\d[\\d,]*)([\\.\\d]*):([+-]?\\d[\\d,]*)([\\.\\d]*)','시간검출','regex',NULL,NULL),(16,'2019-08-29 10:48:14','mljws0212','쩜( |\\d)(\\d)+','쩜검출_kor','regex',NULL,NULL),(17,'2019-08-29 10:54:29','mljws0212','([+-]?\\d[\\d,]*)([\\.\\d]*)( |)[a-zA-Z|%]+','단위검출','regex',NULL,NULL),(18,'2019-08-29 11:45:30','mljws0212','(명|가지|살|마리|포기|송이|수|톨|통|개|벌|척|채|다발|그루|자루|줄|켤레|그릇|잔|마디|상자|사람|곡|병|판|달|자리|건)','SYS_COUNT_TO_CHAR_KOR','system_defined',NULL,NULL),(19,'2019-09-03 10:04:39','mljws0212','','모든텍스트','regex',NULL,NULL),(20,'2019-09-03 17:31:05','mljws0212',' +\\n','single_newLine','regex',NULL,NULL),(21,'2019-09-04 10:16:04','mljws0212','\\b[A-Z]+\\b','대문자검출','regex',NULL,NULL),(22,'2019-09-04 10:34:25','mljws0212','','SYS_NUM_TO_CHAR_KOR','system_defined',NULL,NULL),(23,'2019-09-06 14:05:55','admin','(명|가지|살|마리|포기|송이|수|톨|통|개|벌|척|채|다발|그루|자루|줄|켤레|그릇|잔|마디|상자|사람|곡|병|판|달|자리|건)','SYS_COUNT_TO_CHAR1','system_defined','2019-09-06 14:05:55',NULL),(25,'2019-09-11 14:53:53','mljws0212','\\$([+-]?\\d[\\d,]*)([.\\d]*)','달러','regex',NULL,NULL),(26,'2019-09-20 10:41:06','mljws0212','([a-zA-Z]+\'[a-zA-Z]+)|[a-zA-Z]+','SYS_ENGLISH_TO_CHAR_KOR','system_defined',NULL,NULL),(27,'2019-09-30 10:24:45','mljws0212','[⺀-⺙⺛-⻳⼀-⿕々〇〡-〩〸-〺〻㐀-䶵一-鿃豈-鶴侮-頻並-龎]+','SYS_CHINESE_TO_CHAR_KOR','system_defined',NULL,NULL),(28,'2019-10-07 17:26:40','mljws0212','(\\<[^\\<\\>]*\\>)','eng_HTML태그','regex',NULL,NULL),(29,'2019-10-07 17:27:16','mljws0212','\\$\\d+( billion|billion| million|million|thousand| thousand|trillion| trillion)','eng_달러_1','regex',NULL,NULL),(30,'2019-10-07 17:46:59','mljws0212','\\$\\d+','eng_달러_3','regex',NULL,NULL),(31,'2019-10-07 17:47:29','mljws0212','[a-zA-Z]+','eng_단어','regex',NULL,NULL),(32,'2019-10-07 17:53:10','mljws0212','(a.m)|(A.M)|(a.m.)|(A.M.)','eng_AM','regex',NULL,NULL),(33,'2019-10-07 17:53:29','mljws0212','(p.m)|(P.M)|(p.m.)|(P.M.)','eng_PM','regex',NULL,NULL),(34,'2019-10-07 18:12:17','mljws0212','\\$\\d+\\.\\d{2}','eng_달러2','regex',NULL,NULL),(36,'2019-11-28 15:11:25','mljws0212','','SYS_NUM_TO_CHAR_ENG','system_defined',NULL,NULL),(37,'2019-11-28 15:40:59','mljws0212','(([+-]?\\d[\\d,]*)([\\.\\d]*)(?!th)(?!rd)(?!st)(?!nd))[a-zA-Z|%|\\.]+','eng_단위','regex',NULL,NULL),(38,'2019-11-28 16:14:40','mljws0212','point( |\\d)(\\d)+','point_eng','regex',NULL,NULL),(39,'2020-04-13 10:30:26','admin','','SYS_NUM_TO_CHAR_SPACE_KOR','regex','2020-04-13 10:30:26',NULL),(41,'2020-05-21 16:45:13','admin','((\\d{0}|\\d{2}-)(\\d{4})-(\\d{4}))번 ','고객센터','regex','2020-05-27 11:32:08','admin'),(42,'2020-06-11 17:48:31','admin','[*]+\\d*+[,]*+\\d*+[,]*+\\d*+[,]*+\\d*+[,]*+\\d*+(원| 원)','금액쉼표','regex','2020-06-11 17:48:31',NULL),(43,'2020-06-11 17:58:42','admin','(만 원,|만 원 |만 원입)','만원','regex','2020-06-11 17:58:42',NULL),(44,'2020-06-22 09:48:39','admin','(\\d{11}|\\d{10}|\\d{9})( 번호로|번호로)','전화번호','regex','2020-06-24 16:59:09','admin');
/*!40000 ALTER TABLE `pp_rule_tb` ENABLE KEYS */;
UNLOCK TABLES;

--
-- Table structure for table `pp_rule_tb_orig`
--

DROP TABLE IF EXISTS `pp_rule_tb_orig`;
/*!40101 SET @saved_cs_client     = @@character_set_client */;
/*!40101 SET character_set_client = utf8 */;
CREATE TABLE `pp_rule_tb_orig` (
  `rule_id` bigint(20) NOT NULL DEFAULT '0',
  `created_dtm` datetime DEFAULT NULL,
  `creator_id` varchar(255) CHARACTER SET utf8 DEFAULT NULL,
  `rule_expression` varchar(255) CHARACTER SET utf8 DEFAULT NULL,
  `rule_name` varchar(255) CHARACTER SET utf8 DEFAULT NULL,
  `rule_type` varchar(255) CHARACTER SET utf8 DEFAULT NULL,
  `updated_dtm` datetime DEFAULT NULL,
  `updater_id` varchar(255) CHARACTER SET utf8 DEFAULT NULL
) ENGINE=InnoDB DEFAULT CHARSET=utf8mb4 COLLATE=utf8mb4_unicode_ci;
/*!40101 SET character_set_client = @saved_cs_client */;

--
-- Dumping data for table `pp_rule_tb_orig`
--

LOCK TABLES `pp_rule_tb_orig` WRITE;
/*!40000 ALTER TABLE `pp_rule_tb_orig` DISABLE KEYS */;
INSERT INTO `pp_rule_tb_orig` VALUES (1,'2019-08-26 14:16:59','mljws0212','[\\(]([^\\(|\\)])*[\\)]','괄호제거','regex',NULL,NULL),(2,'2019-08-26 15:15:05','mljws0212','\\(+[⺀-⺙⺛-⻳⼀-⿕々〇〡-〩〸-〺〻㐀-䶵一-鿃豈-鶴侮-頻並-龎]+\\)','한자제거','regex',NULL,NULL),(3,'2019-08-26 15:16:16','mljws0212','(\\n {1,}\\n)|(\\n\\.\\n)','newLine','regex',NULL,NULL),(4,'2019-08-29 10:38:50','mljws0212','·|·','가운데점변환','regex',NULL,NULL),(5,'2019-08-29 10:39:50','mljws0212','([a-zA-Z]+\'[a-zA-Z]+)|[a-zA-Z]+','영어변환','regex',NULL,NULL),(6,'2019-08-29 10:40:28','mljws0212','([+-]?\\d[\\d,]*)([.\\d]*)','숫자검출','regex',NULL,NULL),(7,'2019-08-29 10:41:15','mljws0212','(시|명|가지|살|마리|포기|송이|수|톨|통|개|벌|척|채|다발|그루|자루|줄|켤레|그릇|잔|마디|상자|사람|곡|병|판|달|자리|건)','셈숫자검출','regex',NULL,NULL),(8,'2019-08-29 10:42:32','mljws0212','[^가-힣\\!\\\'\\(\\)\\,\\-\\.\\:\\;\\? \\n\\/]','제거문자','regex',NULL,NULL),(9,'2019-08-29 10:43:49','mljws0212','((\\d{3}|\\d{2})-(\\d{4})-(\\d{4}))','핸드폰번호검출','regex',NULL,NULL),(10,'2019-08-29 10:44:04','mljws0212','\\d+\\-+\\d+\\-\\d+','계좌번호검출','regex',NULL,NULL),(11,'2019-08-29 10:45:43','mljws0212','([+-]?\\d[\\d,]*)([\\.\\d]*)(\\~| \\~|\\~ | \\~ )([+-]?\\d[\\d,]*)([\\.\\d]*)','숫자~숫자검출','regex',NULL,NULL),(12,'2019-08-29 10:46:00','mljws0212','([+-]?\\d[\\d,]*)([\\.\\d]*)\\/([+-]?\\d[\\d,]*)([\\.\\d]*)','분수검출','regex',NULL,NULL),(13,'2019-08-29 10:47:02','mljws0212','([+-]?\\d[\\d,]*)([\\.\\d]*)(( |)m\\/s)','초속검출','regex',NULL,NULL),(14,'2019-08-29 10:47:18','mljws0212','([+-]?\\d[\\d,]*)([\\.\\d]*)(( |)km\\/h)','시속검출','regex',NULL,NULL),(15,'2019-08-29 10:47:40','mljws0212','([+-]?\\d[\\d,]*)([\\.\\d]*):([+-]?\\d[\\d,]*)([\\.\\d]*)','시간검출','regex',NULL,NULL),(16,'2019-08-29 10:48:14','mljws0212','쩜( |\\d)(\\d)+','쩜검출','regex',NULL,NULL),(17,'2019-08-29 10:54:29','mljws0212','([+-]?\\d[\\d,]*)([\\.\\d]*)( |)[a-zA-Z|%]+','단위검출','regex',NULL,NULL),(18,'2019-08-29 11:45:30','mljws0212','([+-]?\\d[\\d,]*)([\\.\\d]*)(시|명|가지|살|마리|포기|송이|수|톨|통|개|벌|척|채|다발|그루|자루|줄|켤레|그릇|잔|마디|상자|사람|곡|병|판|달|자리|건)','셈숫자검출','replace',NULL,NULL);
/*!40000 ALTER TABLE `pp_rule_tb_orig` ENABLE KEYS */;
UNLOCK TABLES;

--
-- Table structure for table `pp_table_tb_orig`
--

DROP TABLE IF EXISTS `pp_table_tb_orig`;
/*!40101 SET @saved_cs_client     = @@character_set_client */;
/*!40101 SET character_set_client = utf8 */;
CREATE TABLE `pp_table_tb_orig` (
  `table_id` bigint(20) NOT NULL DEFAULT '0',
  `created_dtm` datetime DEFAULT NULL,
  `creator_id` varchar(255) CHARACTER SET utf8 DEFAULT NULL,
  `table_name` varchar(255) CHARACTER SET utf8 DEFAULT NULL,
  `table_type` varchar(255) CHARACTER SET utf8 DEFAULT NULL,
  `updated_dtm` datetime DEFAULT NULL,
  `updater_id` varchar(255) CHARACTER SET utf8 DEFAULT NULL
) ENGINE=InnoDB DEFAULT CHARSET=utf8mb4 COLLATE=utf8mb4_unicode_ci;
/*!40101 SET character_set_client = @saved_cs_client */;

--
-- Dumping data for table `pp_table_tb_orig`
--

LOCK TABLES `pp_table_tb_orig` WRITE;
/*!40000 ALTER TABLE `pp_table_tb_orig` DISABLE KEYS */;
INSERT INTO `pp_table_tb_orig` VALUES (1,'2019-08-26 14:53:18','mljws0212','kor_eng_word','replace',NULL,NULL),(2,'2019-08-26 14:53:37','mljws0212','kor_eng_letter','replace',NULL,NULL),(3,'2019-08-26 14:53:57','mljws0212','kor_num_simple','replace',NULL,NULL),(4,'2019-08-26 14:54:14','mljws0212','kor_num_count_single','replace',NULL,NULL),(5,'2019-08-26 14:54:27','mljws0212','kor_num_count_double','replace',NULL,NULL),(6,'2019-08-26 14:54:40','mljws0212','kor_metrics','replace',NULL,NULL),(7,'2019-08-26 14:54:53','mljws0212','kor_etc','replace',NULL,NULL);
/*!40000 ALTER TABLE `pp_table_tb_orig` ENABLE KEYS */;
UNLOCK TABLES;

--
-- Table structure for table `tts_config_tb`
--

DROP TABLE IF EXISTS `tts_config_tb`;
/*!40101 SET @saved_cs_client     = @@character_set_client */;
/*!40101 SET character_set_client = utf8 */;
CREATE TABLE `tts_config_tb` (
  `config_id` bigint(20) NOT NULL AUTO_INCREMENT,
  `created_dtm` datetime DEFAULT NULL,
  `creator_id` varchar(255) COLLATE utf8mb4_unicode_ci DEFAULT NULL,
  `lang` varchar(255) COLLATE utf8mb4_unicode_ci DEFAULT NULL,
  `profile_id` bigint(20) DEFAULT NULL,
  `speaker_id` int(11) DEFAULT NULL,
  `speaker_name` varchar(255) COLLATE utf8mb4_unicode_ci DEFAULT NULL,
  `speed` int(11) DEFAULT NULL,
  `type` varchar(255) COLLATE utf8mb4_unicode_ci DEFAULT NULL,
  `updated_dtm` datetime DEFAULT NULL,
  `updater_id` varchar(255) COLLATE utf8mb4_unicode_ci DEFAULT NULL,
  PRIMARY KEY (`config_id`)
) ENGINE=InnoDB AUTO_INCREMENT=2 DEFAULT CHARSET=utf8mb4 COLLATE=utf8mb4_unicode_ci;
/*!40101 SET character_set_client = @saved_cs_client */;

--
-- Dumping data for table `tts_config_tb`
--

LOCK TABLES `tts_config_tb` WRITE;
/*!40000 ALTER TABLE `tts_config_tb` DISABLE KEYS */;
INSERT INTO `tts_config_tb` VALUES (1,'2019-09-05 13:48:37','admin','ko_KR',1,1,NULL,1,'16k','2020-12-09 23:29:30','admin');
/*!40000 ALTER TABLE `tts_config_tb` ENABLE KEYS */;
UNLOCK TABLES;

--
-- Table structure for table `user_history_tb`
--

DROP TABLE IF EXISTS `user_history_tb`;
/*!40101 SET @saved_cs_client     = @@character_set_client */;
/*!40101 SET character_set_client = utf8 */;
CREATE TABLE `user_history_tb` (
  `history_id` bigint(20) NOT NULL AUTO_INCREMENT,
  `created_dtm` datetime DEFAULT NULL,
  `status_cd` char(1) COLLATE utf8mb4_unicode_ci DEFAULT NULL,
  `user_ip` varchar(255) COLLATE utf8mb4_unicode_ci DEFAULT NULL,
  `user_id` varchar(255) COLLATE utf8mb4_unicode_ci DEFAULT NULL,
  PRIMARY KEY (`history_id`)
) ENGINE=InnoDB AUTO_INCREMENT=615 DEFAULT CHARSET=utf8mb4 COLLATE=utf8mb4_unicode_ci;
/*!40101 SET character_set_client = @saved_cs_client */;

--
-- Dumping data for table `user_history_tb`
--

LOCK TABLES `user_history_tb` WRITE;
/*!40000 ALTER TABLE `user_history_tb` DISABLE KEYS */;
INSERT INTO `user_history_tb` VALUES (1,'2020-02-04 11:13:24','N','192.168.1.1','admin'),(2,'2020-02-04 12:37:21','N','192.168.1.1','admin'),(3,'2020-02-04 12:37:21','A','192.168.1.1','admin'),(4,'2020-02-04 12:40:32','I','192.168.1.1','admin'),(5,'2020-02-04 12:40:32','I','192.168.1.1','operator'),(6,'2020-02-04 12:40:32','I','192.168.1.1','manager'),(7,'2020-02-04 12:41:49','A','192.168.1.1','tester'),(8,'2020-02-04 12:42:20','N','192.168.1.1','tester'),(9,'2020-02-04 12:42:23','N','192.168.1.1','tester'),(10,'2020-02-04 12:42:30','I','192.168.1.1','admin'),(11,'2020-02-04 12:43:03','I','192.168.1.1','admin'),(12,'2020-02-04 13:10:06','N','192.168.1.1','admin'),(13,'2020-02-04 13:10:12','I','192.168.1.1','admin'),(14,'2020-02-04 13:21:01','N','192.168.1.1','admin'),(15,'2020-02-04 13:21:06','I','192.168.1.1','admin'),(16,'2020-02-04 14:14:32','I','125.132.250.204','admin'),(17,'2020-02-04 15:55:24','N','125.132.250.204','admin'),(18,'2020-02-04 15:55:57','I','125.132.250.204','admin'),(19,'2020-02-04 16:42:17','N','192.168.1.1','admin'),(20,'2020-02-04 16:42:22','I','192.168.1.1','admin'),(21,'2020-02-05 09:22:12','N','192.168.1.1','admin'),(22,'2020-02-05 09:22:20','N','192.168.1.1','admin'),(23,'2020-02-05 09:31:26','I','192.168.1.1','admin'),(24,'2020-02-05 09:33:34','N','192.168.1.1','admin'),(25,'2020-02-05 09:33:44','N','192.168.1.1','admin'),(26,'2020-02-05 09:34:24','I','192.168.1.1','admin'),(27,'2020-02-05 09:56:17','I','125.132.250.204','admin'),(28,'2020-02-05 10:28:19','I','192.168.1.1','admin'),(29,'2020-02-05 11:05:30','I','192.168.1.1','admin'),(30,'2020-02-05 11:08:01','I','125.132.250.204','admin'),(31,'2020-02-05 11:10:16','I','192.168.1.1','admin'),(32,'2020-02-05 11:10:30','I','125.132.250.204','admin'),(33,'2020-02-05 11:13:47','I','192.168.1.1','admin'),(34,'2020-02-05 11:16:56','I','125.132.250.204','admin'),(35,'2020-02-05 12:55:37','I','192.168.1.1','admin'),(36,'2020-02-05 13:01:55','I','192.168.1.1','admin'),(37,'2020-02-05 13:25:05','I','192.168.1.1','admin'),(38,'2020-02-05 13:25:45','I','125.132.250.204','admin'),(39,'2020-02-05 14:07:51','I','192.168.1.1','admin'),(40,'2020-02-05 14:08:16','N','223.62.169.8','admin'),(41,'2020-02-05 14:08:55','N','223.62.169.8','admin'),(42,'2020-02-05 14:09:03','N','192.168.1.1','admin'),(43,'2020-02-05 14:09:07','I','192.168.1.1','admin'),(44,'2020-02-05 14:26:13','N','183.98.92.130','admin'),(45,'2020-02-05 14:26:29','I','183.98.92.130','admin'),(46,'2020-02-05 14:58:22','I','192.168.1.1','admin'),(47,'2020-02-05 15:30:17','I','183.98.92.130','admin'),(48,'2020-02-05 15:59:30','I','192.168.1.1','admin'),(49,'2020-02-05 16:09:28','I','192.168.1.1','admin'),(50,'2020-02-05 16:12:25','I','192.168.1.1','admin'),(51,'2020-02-05 17:21:49','I','192.168.1.1','admin'),(52,'2020-02-06 09:27:34','I','192.168.1.1','admin'),(53,'2020-02-06 09:31:29','I','192.168.1.1','admin'),(54,'2020-02-06 10:22:26','I','125.132.250.204','admin'),(55,'2020-02-06 10:37:47','I','192.168.1.1','admin'),(56,'2020-02-06 14:41:40','I','125.132.250.204','admin'),(57,'2020-02-06 16:23:07','I','183.98.92.130','admin'),(58,'2020-02-06 18:10:08','I','183.98.92.130','admin'),(59,'2020-02-06 18:41:45','I','183.98.92.130','admin'),(60,'2020-02-07 10:42:06','I','183.98.92.130','admin'),(61,'2020-02-07 13:52:17','I','192.168.1.1','admin'),(62,'2020-02-07 17:56:49','N','192.168.1.1','admin'),(63,'2020-02-07 17:56:52','I','192.168.1.1','admin'),(64,'2020-02-10 15:09:16','N','192.168.1.1','admin'),(65,'2020-02-10 15:09:20','I','192.168.1.1','admin'),(66,'2020-02-11 14:45:29','I','183.98.92.130','admin'),(67,'2020-02-17 11:10:56','I','125.132.250.204','admin'),(68,'2020-02-26 15:21:58','I','192.168.1.1','admin'),(69,'2020-03-12 09:57:51','I','192.168.1.1','admin'),(70,'2020-03-12 09:59:16','I','183.98.92.130','admin'),(71,'2020-03-12 10:04:29','I','183.98.92.130','admin'),(72,'2020-03-16 13:11:36','N','192.168.1.1','admin'),(73,'2020-03-16 13:12:29','I','192.168.1.1','admin'),(74,'2020-03-16 13:14:10','N','59.12.199.25','manager'),(75,'2020-03-16 13:14:22','N','59.12.199.25','manager'),(76,'2020-03-16 13:15:12','N','59.12.199.25','manager'),(77,'2020-03-16 13:15:35','I','59.12.199.25','admin'),(78,'2020-03-17 07:57:29','I','183.98.92.130','admin'),(79,'2020-03-17 08:02:34','I','183.98.92.130','admin'),(80,'2020-03-17 08:38:17','I','183.98.92.130','admin'),(81,'2020-03-17 09:53:54','I','183.98.92.130','admin'),(82,'2020-03-17 10:30:37','I','183.98.92.130','admin'),(83,'2020-03-17 17:16:54','I','59.12.199.25','admin'),(84,'2020-03-23 15:48:14','I','183.98.92.130','admin'),(85,'2020-03-28 23:17:48','I','175.115.245.49','admin'),(86,'2020-03-31 10:11:16','I','183.98.92.130','admin'),(87,'2020-03-31 16:54:27','I','59.12.199.25','admin'),(88,'2020-03-31 16:58:01','I','59.12.199.25','admin'),(89,'2020-03-31 16:59:58','N','61.110.84.124','admin'),(90,'2020-03-31 17:00:10','I','61.110.84.124','admin'),(91,'2020-03-31 17:10:11','I','59.12.199.25','admin'),(92,'2020-03-31 19:11:16','I','175.115.245.49','admin'),(93,'2020-03-31 19:12:00','A','175.115.245.49','wj'),(94,'2020-03-31 19:14:29','I','175.115.245.49','wj'),(95,'2020-04-01 15:19:31','I','183.98.92.130','admin'),(96,'2020-04-02 17:40:06','I','221.138.147.185','wj'),(97,'2020-04-02 17:42:56','I','106.245.83.186','Wj'),(98,'2020-04-09 15:57:26','I','10.10.10.206','admin'),(99,'2020-04-09 15:58:17','I','10.122.66.8','admin'),(100,'2020-04-09 16:26:12','I','10.10.10.164','admin'),(101,'2020-04-09 17:34:09','I','10.122.66.8','admin'),(102,'2020-04-09 19:56:55','I','10.122.66.105','admin'),(103,'2020-04-10 09:55:46','N','10.122.65.209','admin'),(104,'2020-04-10 09:56:07','I','10.122.65.209','admin'),(105,'2020-04-10 13:35:00','I','10.122.66.105','admin'),(106,'2020-04-12 00:07:05','I','10.10.10.124','admin'),(107,'2020-04-12 01:11:44','I','10.10.10.124','admin'),(108,'2020-04-12 02:57:25','I','10.10.10.124','admin'),(109,'2020-04-12 04:00:22','I','10.10.10.124','admin'),(110,'2020-04-12 05:10:04','I','10.10.10.124','admin'),(111,'2020-04-12 12:31:23','I','10.10.10.124','admin'),(112,'2020-04-13 09:08:45','I','10.10.10.164','admin'),(113,'2020-04-13 09:55:40','I','10.122.65.209','admin'),(114,'2020-04-13 10:23:25','I','10.122.66.105','admin'),(115,'2020-04-13 11:20:29','I','10.10.10.206','admin'),(116,'2020-04-13 14:28:51','N','10.10.10.163','admin'),(117,'2020-04-13 14:29:03','I','10.10.10.163','admin'),(118,'2020-04-13 14:29:40','N','10.122.65.209','admin'),(119,'2020-04-13 14:29:44','N','10.122.65.209','admin'),(120,'2020-04-13 14:29:51','N','10.122.65.209','admin'),(121,'2020-04-13 14:29:57','I','10.122.65.209','admin'),(122,'2020-04-13 16:16:44','I','10.10.10.163','admin'),(123,'2020-04-14 10:20:33','I','10.122.65.235','admin'),(124,'2020-04-14 12:42:58','I','10.122.66.8','admin'),(125,'2020-04-14 14:18:10','I','10.122.65.235','admin'),(126,'2020-04-14 17:52:21','I','10.122.65.235','admin'),(127,'2020-04-14 18:03:19','I','10.122.66.8','admin'),(128,'2020-04-16 10:04:49','I','125.132.250.204','admin'),(129,'2020-04-16 10:09:39','I','125.132.250.204','admin'),(130,'2020-04-16 10:32:57','I','125.132.250.204','admin'),(131,'2020-04-16 10:49:50','I','125.132.250.204','admin'),(132,'2020-04-16 11:43:08','I','125.132.250.204','admin'),(133,'2020-04-16 13:59:51','I','125.132.250.204','admin'),(134,'2020-04-16 14:02:38','I','125.132.250.204','admin'),(135,'2020-04-16 16:06:35','I','125.132.250.204','admin'),(136,'2020-04-16 17:34:33','N','125.132.250.204','admin'),(137,'2020-04-16 17:34:43','I','125.132.250.204','admin'),(138,'2020-04-16 18:01:47','I','125.132.250.204','admin'),(139,'2020-04-16 18:37:17','N','125.132.250.204','admin'),(140,'2020-04-16 18:37:24','I','125.132.250.204','admin'),(141,'2020-04-16 18:45:31','I','125.132.250.204','admin'),(142,'2020-04-16 18:48:31','N','125.132.250.204','admin'),(143,'2020-04-16 19:02:37','I','125.132.250.204','admin'),(144,'2020-04-16 19:02:37','I','125.132.250.204','admin'),(145,'2020-04-16 19:13:46','I','125.132.250.204','admin'),(146,'2020-04-16 19:26:12','I','125.132.250.204','admin'),(147,'2020-04-16 19:47:39','I','125.132.250.204','admin'),(148,'2020-04-16 20:08:49','N','125.132.250.204','admin'),(149,'2020-04-16 20:09:05','I','125.132.250.204','admin'),(150,'2020-04-20 10:02:34','I','125.132.250.204','admin'),(151,'2020-04-20 10:09:08','I','125.132.250.204','admin'),(152,'2020-04-20 13:24:21','I','125.132.250.204','admin'),(153,'2020-04-20 14:48:07','I','125.132.250.204','admin'),(154,'2020-04-20 15:09:20','I','125.132.250.204','admin'),(155,'2020-04-20 15:14:58','I','125.132.250.204','admin'),(156,'2020-04-20 15:39:44','I','125.132.250.204','admin'),(157,'2020-04-20 16:49:19','I','125.132.250.204','admin'),(158,'2020-04-20 17:00:52','I','125.132.250.204','admin'),(159,'2020-04-20 17:44:04','I','125.132.250.204','admin'),(160,'2020-04-21 09:58:42','I','125.132.250.204','admin'),(161,'2020-04-21 13:23:12','I','125.132.250.204','admin'),(162,'2020-04-21 14:23:39','N','125.132.250.204','admin'),(163,'2020-04-21 14:23:46','I','125.132.250.204','admin'),(164,'2020-04-21 17:38:09','I','125.132.250.204','admin'),(165,'2020-04-21 18:00:17','I','125.132.250.204','admin'),(166,'2020-04-22 10:18:45','I','125.132.250.204','admin'),(167,'2020-04-22 10:18:55','I','125.132.250.204','admin'),(168,'2020-04-22 10:38:53','I','125.132.250.204','admin'),(169,'2020-04-22 10:56:29','I','125.132.250.204','admin'),(170,'2020-04-22 13:09:07','I','125.132.250.204','admin'),(171,'2020-04-22 13:22:37','N','125.132.250.204','admin'),(172,'2020-04-22 13:22:53','I','125.132.250.204','admin'),(173,'2020-04-22 13:24:06','I','125.132.250.204','admin'),(174,'2020-04-22 13:24:54','I','125.132.250.204','admin'),(175,'2020-04-22 13:44:18','I','125.132.250.204','admin'),(176,'2020-04-22 13:45:01','I','125.132.250.204','admin'),(177,'2020-04-22 14:19:59','I','125.132.250.204','admin'),(178,'2020-04-22 14:48:31','I','125.132.250.204','admin'),(179,'2020-04-23 09:46:30','N','125.132.250.204','admin'),(180,'2020-04-23 09:46:38','I','125.132.250.204','admin'),(181,'2020-04-23 10:50:45','I','125.132.250.204','admin'),(182,'2020-04-23 16:01:33','I','125.132.250.204','admin'),(183,'2020-04-23 16:05:28','I','125.132.250.204','admin'),(184,'2020-04-23 16:11:05','I','125.132.250.204','admin'),(185,'2020-04-23 17:13:05','I','125.132.250.204','admin'),(186,'2020-04-23 17:46:42','I','125.132.250.204','admin'),(187,'2020-04-23 18:45:42','I','125.132.250.204','admin'),(188,'2020-04-23 18:50:10','I','125.132.250.204','admin'),(189,'2020-04-24 10:32:56','I','125.132.250.204','admin'),(190,'2020-04-24 10:55:30','I','125.132.250.204','admin'),(191,'2020-04-24 10:56:39','I','125.132.250.204','admin'),(192,'2020-04-24 17:52:32','I','125.132.250.204','admin'),(193,'2020-04-27 10:41:54','I','125.132.250.204','admin'),(194,'2020-04-27 11:09:30','I','125.132.250.204','admin'),(195,'2020-04-27 12:14:05','I','125.132.250.204','admin'),(196,'2020-04-27 13:00:51','I','125.132.250.204','admin'),(197,'2020-04-27 15:00:31','I','125.132.250.204','admin'),(198,'2020-04-27 16:11:20','I','125.132.250.204','admin'),(199,'2020-05-04 14:36:52','I','125.132.250.204','admin'),(200,'2020-05-04 17:58:43','I','114.202.5.213','admin'),(201,'2020-05-04 18:06:35','I','125.132.250.204','admin'),(202,'2020-05-08 10:40:33','I','125.132.250.204','admin'),(203,'2020-05-08 10:42:32','I','125.132.250.204','admin'),(204,'2020-05-08 13:34:13','I','125.132.250.204','admin'),(205,'2020-05-08 17:34:46','I','125.132.250.204','admin'),(206,'2020-05-12 17:02:27','I','125.132.250.204','admin'),(207,'2020-05-12 17:56:42','I','125.132.250.204','admin'),(208,'2020-05-14 00:23:10','I','61.14.210.243','admin'),(209,'2020-05-14 11:12:33','I','125.132.250.204','admin'),(210,'2020-05-20 11:10:37','I','10.122.66.8','admin'),(211,'2020-05-20 11:11:50','I','10.122.65.225','admin'),(212,'2020-05-20 11:22:07','I','10.122.66.8','admin'),(213,'2020-05-20 11:22:07','I','10.122.66.8','admin'),(214,'2020-05-20 11:32:17','I','10.122.66.8','admin'),(215,'2020-05-20 11:32:17','I','10.122.66.8','admin'),(216,'2020-05-20 14:15:39','I','10.122.66.8','admin'),(217,'2020-05-20 14:18:36','I','10.122.66.8','admin'),(218,'2020-05-20 14:24:47','N','10.122.65.225','admin'),(219,'2020-05-20 14:24:57','I','10.122.65.225','admin'),(220,'2020-05-20 14:57:59','I','10.122.65.225','admin'),(221,'2020-05-20 14:58:27','I','10.122.66.8','admin'),(222,'2020-05-20 15:15:49','N','10.122.65.228','admin'),(223,'2020-05-20 15:15:56','N','10.122.65.228','admin'),(224,'2020-05-20 15:16:00','I','10.122.65.228','admin'),(225,'2020-05-20 15:37:48','I','10.122.66.8','admin'),(226,'2020-05-21 09:57:00','I','10.122.65.225','admin'),(227,'2020-05-21 11:14:15','I','10.122.65.225','admin'),(228,'2020-05-21 15:35:20','I','10.122.65.225','admin'),(229,'2020-05-21 16:41:59','I','10.122.65.225','admin'),(230,'2020-05-22 10:45:36','I','10.122.66.8','admin'),(231,'2020-05-22 13:49:00','I','10.122.66.8','admin'),(232,'2020-05-22 13:56:00','I','10.122.65.225','admin'),(233,'2020-05-22 16:55:25','I','10.122.66.8','admin'),(234,'2020-05-25 10:45:43','I','10.122.65.228','admin'),(235,'2020-05-25 14:07:56','I','10.122.65.228','admin'),(236,'2020-05-25 14:10:40','I','10.122.66.8','admin'),(237,'2020-05-25 15:35:56','I','10.122.66.8','admin'),(238,'2020-05-25 16:57:12','I','10.122.65.228','admin'),(239,'2020-05-26 17:04:20','I','125.132.250.204','admin'),(240,'2020-05-26 17:04:20','I','125.132.250.204','admin'),(241,'2020-05-27 10:07:00','I','125.132.250.204','admin'),(242,'2020-05-27 10:09:20','I','125.132.250.204','admin'),(243,'2020-05-27 10:21:43','I','125.132.250.204','admin'),(244,'2020-05-27 10:21:43','I','125.132.250.204','admin'),(245,'2020-05-27 10:24:28','I','125.132.250.204','admin'),(246,'2020-05-27 11:05:44','I','125.132.250.204','admin'),(247,'2020-05-27 13:22:22','I','125.132.250.204','admin'),(248,'2020-05-27 13:22:22','I','125.132.250.204','admin'),(249,'2020-05-27 13:24:18','I','125.132.250.204','admin'),(250,'2020-05-27 13:52:29','I','125.132.250.204','admin'),(251,'2020-05-27 13:52:29','I','125.132.250.204','admin'),(252,'2020-05-27 13:58:25','I','125.132.250.204','admin'),(253,'2020-05-27 14:10:06','I','125.132.250.204','admin'),(254,'2020-05-27 14:24:15','N','125.132.250.204','admin'),(255,'2020-05-27 14:24:23','I','125.132.250.204','admin'),(256,'2020-05-27 14:41:41','I','125.132.250.204','admin'),(257,'2020-05-28 10:31:27','I','125.132.250.204','admin'),(258,'2020-05-28 11:16:54','I','125.132.250.204','admin'),(259,'2020-06-02 09:43:31','I','125.132.250.204','admin'),(260,'2020-06-02 12:34:14','I','125.132.250.204','admin'),(261,'2020-06-02 13:26:40','I','125.132.250.204','admin'),(262,'2020-06-02 14:46:29','I','125.132.250.204','admin'),(263,'2020-06-03 10:33:46','I','125.132.250.204','admin'),(264,'2020-06-03 10:34:29','I','125.132.250.204','admin'),(265,'2020-06-03 10:36:42','N','222.99.186.108','admin'),(266,'2020-06-03 13:18:04','I','125.132.250.204','admin'),(267,'2020-06-03 15:31:20','I','125.132.250.204','admin'),(268,'2020-06-03 16:25:45','I','125.132.250.204','admin'),(269,'2020-06-04 10:45:51','I','125.132.250.204','admin'),(270,'2020-06-04 10:48:33','I','125.132.250.204','admin'),(271,'2020-06-05 11:28:44','I','125.132.250.204','admin'),(272,'2020-06-05 15:12:50','I','125.132.250.204','admin'),(273,'2020-06-06 19:58:40','I','218.50.85.75','admin'),(274,'2020-06-07 14:38:51','I','218.50.85.75','admin'),(275,'2020-06-08 10:36:24','I','125.132.250.204','admin'),(276,'2020-06-08 13:30:46','I','125.132.250.204','admin'),(277,'2020-06-09 13:49:21','I','125.132.250.204','admin'),(278,'2020-06-09 14:01:10','I','125.132.250.204','admin'),(279,'2020-06-10 10:19:49','I','125.132.250.204','admin'),(280,'2020-06-10 15:00:04','I','125.132.250.204','admin'),(281,'2020-06-11 10:23:15','I','125.132.250.204','admin'),(282,'2020-06-11 10:32:01','I','125.132.250.204','admin'),(283,'2020-06-11 10:54:39','I','125.132.250.204','admin'),(284,'2020-06-11 11:41:54','I','125.132.250.204','admin'),(285,'2020-06-11 13:22:26','I','125.132.250.204','admin'),(286,'2020-06-11 13:22:26','I','125.132.250.204','admin'),(287,'2020-06-11 13:22:46','N','125.132.250.204','admin'),(288,'2020-06-11 13:22:52','I','125.132.250.204','admin'),(289,'2020-06-11 13:33:52','I','125.132.250.204','admin'),(290,'2020-06-11 13:34:07','I','125.132.250.204','admin'),(291,'2020-06-11 13:40:22','I','125.132.250.204','admin'),(292,'2020-06-11 14:06:33','I','125.132.250.204','admin'),(293,'2020-06-11 14:07:40','I','125.132.250.204','admin'),(294,'2020-06-11 16:28:36','I','125.132.250.204','admin'),(295,'2020-06-12 10:07:56','I','125.132.250.204','admin'),(296,'2020-06-12 10:08:23','I','125.132.250.204','admin'),(297,'2020-06-12 10:48:44','I','203.246.179.176','admin'),(298,'2020-06-12 13:30:35','I','125.132.250.204','admin'),(299,'2020-06-12 15:49:06','I','125.132.250.204','admin'),(300,'2020-06-12 23:15:41','I','203.246.179.176','admin'),(301,'2020-06-18 11:36:33','I','203.246.179.176','admin'),(302,'2020-06-22 09:45:59','I','125.132.250.204','admin'),(303,'2020-06-22 10:39:41','I','125.132.250.204','admin'),(304,'2020-06-22 13:13:40','I','125.132.250.204','admin'),(305,'2020-06-22 15:29:26','I','125.132.250.204','admin'),(306,'2020-06-23 10:27:32','I','125.132.250.204','admin'),(307,'2020-06-23 17:36:54','I','125.132.250.204','admin'),(308,'2020-06-24 16:54:35','I','125.132.250.204','admin'),(309,'2020-06-24 17:42:44','I','125.132.250.204','admin'),(310,'2020-06-25 15:39:10','I','203.246.179.176','admin'),(311,'2020-06-30 18:16:17','N','203.246.179.176','admin'),(312,'2020-06-30 18:16:32','I','203.246.179.176','admin'),(313,'2020-07-01 15:10:06','I','125.132.250.204','admin'),(314,'2020-07-01 17:11:59','I','125.132.250.204','admin'),(315,'2020-07-01 18:46:41','N','203.246.179.176','admin'),(316,'2020-07-01 18:47:20','I','203.246.179.176','admin'),(317,'2020-07-02 11:40:55','I','125.132.250.204','admin'),(318,'2020-07-03 15:03:53','I','125.132.250.204','admin'),(319,'2020-07-06 10:41:49','I','125.132.250.204','admin'),(320,'2020-07-06 13:00:21','I','125.132.250.204','admin'),(321,'2020-07-06 14:01:43','I','203.246.179.176','admin'),(322,'2020-07-06 14:14:24','I','125.132.250.204','admin'),(323,'2020-07-06 15:01:55','I','203.246.179.176','admin'),(324,'2020-07-06 17:02:34','I','125.132.250.204','admin'),(325,'2020-07-07 08:31:55','I','125.132.250.204','admin'),(326,'2020-07-07 10:11:59','I','125.132.250.204','admin'),(327,'2020-07-07 11:19:38','I','203.246.179.176','admin'),(328,'2020-07-07 13:34:07','N','125.132.250.204','admin'),(329,'2020-07-07 13:34:11','I','125.132.250.204','admin'),(330,'2020-07-07 13:36:14','I','125.132.250.204','admin'),(331,'2020-07-07 13:49:23','I','203.246.179.176','admin'),(332,'2020-07-07 14:04:05','I','125.132.250.204','admin'),(333,'2020-07-08 09:56:38','I','203.246.179.176','admin'),(334,'2020-07-09 12:20:43','I','125.132.250.204','admin'),(335,'2020-07-09 15:57:20','I','203.246.179.176','admin'),(336,'2020-07-10 10:44:26','I','125.132.250.204','admin'),(337,'2020-07-10 10:53:14','I','203.246.179.176','admin'),(338,'2020-07-10 23:00:58','N','218.49.5.108','admin'),(339,'2020-07-10 23:01:21','I','218.49.5.108','admin'),(340,'2020-07-13 14:48:25','I','10.122.66.8','admin'),(341,'2020-07-13 14:48:25','I','10.122.66.8','admin'),(342,'2020-07-13 14:53:36','I','10.122.65.228','admin'),(343,'2020-07-13 15:31:51','I','10.122.66.8','admin'),(344,'2020-07-13 15:44:27','I','10.122.66.8','admin'),(345,'2020-07-13 15:44:27','I','10.122.66.8','admin'),(346,'2020-07-13 16:01:34','I','10.122.66.8','admin'),(347,'2020-07-13 16:01:34','I','10.122.66.8','admin'),(348,'2020-07-13 16:04:19','I','10.122.65.228','admin'),(349,'2020-07-22 13:28:04','N','10.122.66.8','admin'),(350,'2020-07-22 13:28:10','I','10.122.66.8','admin'),(351,'2020-07-22 14:26:49','I','10.122.66.8','admin'),(352,'2020-07-27 12:54:55','I','10.122.66.8','admin'),(353,'2020-07-27 13:03:36','I','10.122.66.8','admin'),(354,'2020-07-27 13:03:36','I','10.122.66.8','admin'),(355,'2020-07-27 13:09:15','I','10.122.66.8','admin'),(356,'2020-07-27 13:09:15','I','10.122.66.8','admin'),(357,'2020-07-27 13:15:02','I','10.122.65.228','admin'),(358,'2020-07-27 13:42:46','I','10.122.66.8','admin'),(359,'2020-07-27 13:46:13','I','10.122.65.228','admin'),(360,'2020-07-27 18:03:24','I','10.122.65.228','admin'),(361,'2020-07-28 13:57:57','I','10.122.65.228','admin'),(362,'2020-07-28 15:19:07','I','10.122.65.228','admin'),(363,'2020-07-28 15:19:07','I','10.122.65.228','admin'),(364,'2020-07-28 16:28:01','I','10.122.66.207','admin'),(365,'2020-07-29 11:05:04','I','10.122.65.228','admin'),(366,'2020-07-29 13:01:37','I','10.122.65.228','admin'),(367,'2020-07-29 13:49:11','I','10.122.66.207','admin'),(368,'2020-07-29 15:22:02','I','10.122.65.228','admin'),(369,'2020-07-29 18:40:54','I','10.122.66.207','admin'),(370,'2020-07-30 15:16:13','I','10.122.65.228','admin'),(371,'2020-07-31 10:17:21','N','10.122.65.228','admin'),(372,'2020-07-31 10:17:37','I','10.122.65.228','admin'),(373,'2020-08-04 17:28:39','I','10.122.65.228','admin'),(374,'2020-08-12 10:15:29','I','10.122.65.228','admin'),(375,'2020-08-12 16:19:16','I','10.122.65.228','admin'),(376,'2020-08-13 15:07:21','I','10.122.66.8','admin'),(377,'2020-08-21 16:48:24','I','10.122.66.8','admin'),(378,'2020-08-24 21:42:16','I','10.10.10.164','admin'),(379,'2020-08-25 13:22:52','I','10.122.65.228','admin'),(380,'2020-08-25 13:56:40','I','10.122.65.228','admin'),(381,'2020-08-25 13:56:40','I','10.122.65.228','admin'),(382,'2020-08-25 16:25:01','I','10.122.65.228','admin'),(383,'2020-08-25 18:30:59','I','10.122.65.198','admin'),(384,'2020-08-26 10:12:32','I','10.122.66.8','admin'),(385,'2020-08-26 10:27:39','I','10.122.66.8','admin'),(386,'2020-08-26 11:18:14','I','10.10.10.50','admin'),(387,'2020-08-26 11:25:21','I','10.10.10.55','admin'),(388,'2020-08-26 14:01:32','I','10.10.10.54','admin'),(389,'2020-08-26 14:20:59','I','10.10.10.55','admin'),(390,'2020-08-26 15:50:59','I','10.10.10.50','admin'),(391,'2020-08-27 10:08:41','I','10.10.10.50','admin'),(392,'2020-08-27 13:18:48','I','10.10.10.51','admin'),(393,'2020-08-28 16:13:51','I','10.10.10.52','admin'),(394,'2020-08-28 18:21:34','I','10.10.10.55','admin'),(395,'2020-08-28 18:51:18','I','10.10.10.52','admin'),(396,'2020-08-31 10:25:47','N','10.122.65.207','admin'),(397,'2020-08-31 10:31:14','I','10.122.65.207','admin'),(398,'2020-08-31 10:47:53','I','10.122.65.233','admin'),(399,'2020-08-31 11:19:35','I','10.122.65.233','admin'),(400,'2020-08-31 12:33:01','I','10.122.65.233','admin'),(401,'2020-08-31 13:35:22','I','10.122.65.233','admin'),(402,'2020-08-31 16:03:52','I','10.122.65.233','admin'),(403,'2020-08-31 16:47:17','I','10.122.65.233','admin'),(404,'2020-08-31 17:07:35','I','10.122.65.233','admin'),(405,'2020-08-31 17:07:35','I','10.122.65.233','admin'),(406,'2020-09-01 10:24:41','I','10.10.10.52','admin'),(407,'2020-09-01 13:55:45','I','10.10.10.59','admin'),(408,'2020-09-01 14:50:06','I','10.10.10.59','admin'),(409,'2020-09-01 15:24:03','I','10.10.10.59','admin'),(410,'2020-09-01 16:37:20','I','10.10.10.55','admin'),(411,'2020-09-01 17:04:29','I','10.10.10.59','admin'),(412,'2020-09-02 09:27:49','I','10.122.65.233','admin'),(413,'2020-09-02 09:37:10','I','10.122.65.233','admin'),(414,'2020-09-02 09:37:10','I','10.122.65.233','admin'),(415,'2020-09-02 13:45:20','I','10.122.65.233','admin'),(416,'2020-09-02 15:08:06','I','10.122.65.233','admin'),(417,'2020-09-02 16:23:25','I','10.122.65.233','admin'),(418,'2020-09-02 16:26:56','I','10.122.65.207','admin'),(419,'2020-09-02 16:33:10','I','10.122.65.233','admin'),(420,'2020-09-03 09:55:42','I','10.10.10.50','admin'),(421,'2020-09-03 11:19:21','I','10.10.10.56','admin'),(422,'2020-09-03 13:10:41','I','10.10.10.52','admin'),(423,'2020-09-04 13:08:41','I','10.10.10.56','admin'),(424,'2020-09-04 13:53:23','I','10.10.10.56','admin'),(425,'2020-09-04 17:58:26','I','10.10.10.57','admin'),(426,'2020-09-04 19:11:41','I','10.10.10.53','admin'),(427,'2020-09-06 13:56:25','I','10.10.10.59','admin'),(428,'2020-09-06 21:21:25','I','10.10.10.56','admin'),(429,'2020-09-06 23:35:32','I','10.10.10.50','admin'),(430,'2020-09-07 10:06:32','I','10.122.65.197','admin'),(431,'2020-09-07 10:07:05','I','10.122.65.233','admin'),(432,'2020-09-07 13:06:29','I','10.122.65.233','admin'),(433,'2020-09-07 13:25:46','I','10.122.65.233','admin'),(434,'2020-09-07 15:53:37','I','10.10.10.52','admin'),(435,'2020-09-07 16:39:53','I','10.10.10.52','admin'),(436,'2020-09-07 17:46:20','I','10.10.10.52','admin'),(437,'2020-09-17 16:17:00','N','10.122.66.53','admin'),(438,'2020-09-17 16:17:04','I','10.122.66.53','admin'),(439,'2020-09-17 16:27:59','I','10.122.65.180','admin'),(440,'2020-09-21 11:07:35','N','10.122.65.180','admin'),(441,'2020-09-21 11:07:55','N','10.122.65.180','admin'),(442,'2020-09-21 11:08:05','N','10.122.65.180','admin'),(443,'2020-09-21 11:08:19','I','10.122.65.180','admin'),(444,'2020-09-23 15:02:45','I','10.122.65.222','admin'),(445,'2020-09-23 16:11:55','I','10.122.65.222','admin'),(446,'2020-09-24 17:12:07','I','10.122.65.195','admin'),(447,'2020-10-13 09:23:52','I','10.122.66.142','admin'),(448,'2020-10-13 10:04:02','I','10.122.66.142','admin'),(449,'2020-10-14 11:35:03','I','10.122.65.222','admin'),(450,'2020-10-15 13:51:31','I','10.122.65.222','admin'),(451,'2020-10-23 23:34:38','I','10.10.10.66','admin'),(452,'2020-10-25 20:29:20','I','10.10.10.69','admin'),(453,'2020-10-25 20:31:48','I','10.10.10.69','admin'),(454,'2020-10-25 20:39:36','A','10.10.10.69','admin'),(455,'2020-10-25 20:39:57','N','10.10.10.69','admin'),(456,'2020-10-25 20:41:37','A','10.10.10.69','admin'),(457,'2020-10-27 18:24:23','I','10.122.65.182','admin'),(458,'2020-10-28 08:06:54','I','10.122.65.182','admin'),(459,'2020-10-28 09:35:00','I','10.122.65.182','admin'),(460,'2020-10-28 10:41:19','I','10.122.65.182','admin'),(461,'2020-10-28 11:40:19','I','10.122.65.182','admin'),(462,'2020-10-28 12:16:55','I','10.122.65.182','admin'),(463,'2020-10-28 20:24:21','I','10.122.65.182','admin'),(464,'2020-10-30 21:24:31','I','10.122.65.182','admin'),(465,'2020-11-03 23:35:21','I','10.122.65.182','admin'),(466,'2020-11-04 18:54:14','I','10.122.65.182','admin'),(467,'2020-11-05 20:12:48','I','10.122.65.182','admin'),(468,'2020-11-05 22:31:27','I','10.122.65.182','admin'),(469,'2020-11-27 04:32:44','I','10.10.10.8','admin'),(470,'2020-12-07 03:41:09','N','10.10.10.166','admin'),(471,'2020-12-07 03:41:13','I','10.10.10.166','admin'),(472,'2020-12-07 19:12:51','I','10.122.65.182','admin'),(473,'2020-12-07 19:32:10','I','10.122.66.53','admin'),(474,'2020-12-07 19:39:02','I','10.122.66.53','admin'),(475,'2020-12-08 18:25:54','I','10.122.66.53','admin'),(476,'2020-12-08 20:32:46','I','10.122.65.182','admin'),(477,'2020-12-08 20:39:49','I','10.122.65.182','admin'),(478,'2020-12-09 02:29:15','N','10.122.66.53','admin'),(479,'2020-12-09 02:29:20','I','10.122.66.53','admin'),(480,'2020-12-09 18:39:45','I','10.122.65.182','admin'),(481,'2020-12-09 23:29:05','I','10.10.10.6','admin'),(482,'2021-01-04 18:55:21','I','10.122.65.182','admin'),(483,'2021-01-04 20:11:55','I','10.122.65.182','admin'),(484,'2021-01-05 18:40:58','I','10.122.65.182','admin'),(485,'2021-01-05 23:35:46','I','10.122.65.182','admin'),(486,'2021-01-06 01:49:12','I','10.122.65.182','admin'),(487,'2021-01-07 18:21:03','I','10.10.10.166','admin'),(488,'2021-01-07 18:23:14','I','10.10.10.166','admin'),(489,'2021-01-07 18:54:55','I','10.10.10.166','admin'),(490,'2021-01-07 20:56:12','I','10.122.65.182','admin'),(491,'2021-01-07 22:35:28','I','10.122.65.182','admin'),(492,'2021-01-07 22:46:20','I','10.10.10.93','admin'),(493,'2021-01-07 22:51:09','I','10.10.10.93','admin'),(494,'2021-01-08 00:27:16','I','10.122.65.182','admin'),(495,'2021-01-08 01:42:25','I','10.122.65.182','admin'),(496,'2021-01-08 17:17:32','I','10.10.10.8','admin'),(497,'2021-01-11 17:31:17','I','10.122.65.182','admin'),(498,'2021-01-11 19:20:02','I','10.122.65.182','admin'),(499,'2021-01-12 18:37:23','I','10.122.65.182','admin'),(500,'2021-01-12 18:48:59','I','10.122.66.53','admin'),(501,'2021-01-12 19:43:01','I','10.122.65.182','admin'),(502,'2021-01-12 20:22:03','I','10.122.66.53','admin'),(503,'2021-01-12 20:32:20','I','10.122.66.53','admin'),(504,'2021-01-13 01:08:40','I','10.122.65.182','admin'),(505,'2021-01-18 21:55:24','I','10.122.65.182','admin'),(506,'2021-01-22 19:12:49','I','10.122.66.53','admin'),(507,'2021-01-22 19:42:23','I','10.122.65.182','admin'),(508,'2021-01-22 19:50:25','I','10.122.66.53','admin'),(509,'2021-01-22 21:34:18','I','10.122.66.53','admin'),(510,'2021-01-22 22:27:59','I','10.122.66.53','admin'),(511,'2021-01-22 23:22:25','I','10.122.65.182','admin'),(512,'2021-01-22 23:24:06','I','10.122.66.53','admin'),(513,'2021-01-24 02:07:47','I','10.10.10.54','admin'),(514,'2021-01-26 19:03:01','I','10.122.65.182','admin'),(515,'2021-01-26 20:43:21','I','10.122.65.182','admin'),(516,'2021-01-26 21:08:43','I','10.122.65.142','admin'),(517,'2021-01-26 22:19:01','I','10.122.65.142','admin'),(518,'2021-01-26 22:41:13','I','10.122.65.182','admin'),(519,'2021-01-27 00:55:12','I','10.122.66.53','admin'),(520,'2021-01-27 01:08:07','I','10.122.65.182','admin'),(521,'2021-01-27 01:19:14','I','10.122.65.142','admin'),(522,'2021-01-28 18:27:50','I','10.122.65.182','admin'),(523,'2021-01-28 19:03:05','I','10.122.65.182','admin'),(524,'2021-01-28 19:29:21','I','10.122.65.142','admin'),(525,'2021-01-28 19:37:04','I','10.122.65.182','admin'),(526,'2021-01-28 20:22:10','I','10.122.65.182','admin'),(527,'2021-01-28 21:58:14','I','10.122.65.182','admin'),(528,'2021-01-28 23:17:22','I','10.122.65.142','admin'),(529,'2021-01-29 02:42:13','I','10.10.10.4','admin'),(530,'2021-01-29 15:28:11','I','10.122.65.182','admin'),(531,'2021-01-29 19:42:18','I','10.122.65.142','admin'),(532,'2021-01-29 20:54:02','I','10.122.65.182','admin'),(533,'2021-01-29 21:57:27','I','10.122.65.182','admin'),(534,'2021-02-03 23:32:11','I','10.122.66.8','admin'),(535,'2021-02-04 00:37:48','I','10.122.65.182','admin'),(536,'2021-02-04 04:01:14','I','10.122.66.8','admin'),(537,'2021-02-04 19:42:08','I','10.122.65.182','admin'),(538,'2021-02-04 21:30:50','N','10.122.66.53','admin'),(539,'2021-02-04 21:30:55','I','10.122.66.53','admin'),(540,'2021-02-04 23:03:49','I','10.122.65.125','admin'),(541,'2021-02-08 15:57:08','I','10.122.65.182','admin'),(542,'2021-02-08 19:40:32','I','10.122.65.125','admin'),(543,'2021-02-08 23:26:32','I','10.122.65.182','admin'),(544,'2021-02-09 00:35:09','I','10.122.65.182','admin'),(545,'2021-02-09 21:05:39','I','10.122.65.125','admin'),(546,'2021-02-09 22:38:08','I','10.10.10.52','admin'),(547,'2021-02-09 22:49:44','I','10.122.65.182','admin'),(548,'2021-02-10 00:01:13','I','10.10.10.52','admin'),(549,'2021-02-10 00:06:06','I','10.122.65.182','admin'),(550,'2021-02-15 18:45:16','I','10.122.65.182','admin'),(551,'2021-02-15 19:51:58','I','10.122.65.124','admin'),(552,'2021-02-15 20:19:02','I','10.122.65.182','admin'),(553,'2021-02-15 20:21:09','I','10.122.65.182','admin'),(554,'2021-02-15 20:21:15','I','10.10.10.50','admin'),(555,'2021-02-15 20:27:16','I','10.122.65.124','admin'),(556,'2021-02-15 13:44:58','I','10.10.10.50','admin'),(557,'2021-02-15 13:49:21','I','10.122.65.182','admin'),(558,'2021-02-15 14:40:22','I','10.10.10.50','admin'),(559,'2021-02-15 14:42:00','I','10.122.65.182','admin'),(560,'2021-02-15 15:25:50','I','10.122.65.124','admin'),(561,'2021-02-16 12:11:14','I','10.122.65.124','admin'),(562,'2021-02-16 15:40:39','I','10.122.65.124','admin'),(563,'2021-02-17 09:31:53','I','10.122.65.193','admin'),(564,'2021-02-17 12:28:30','I','10.10.10.51','admin'),(565,'2021-02-17 15:30:19','I','10.122.65.193','admin'),(566,'2021-02-17 15:32:11','I','10.10.10.54','admin'),(567,'2021-02-17 16:00:31','I','10.122.65.193','admin'),(568,'2021-02-18 11:32:26','I','10.122.65.193','admin'),(569,'2021-02-18 11:57:36','I','10.122.65.124','admin'),(570,'2021-02-18 13:14:10','I','10.122.65.193','admin'),(571,'2021-02-18 13:54:48','I','10.122.65.193','admin'),(572,'2021-02-18 14:40:19','I','10.122.65.124','admin'),(573,'2021-02-18 15:03:56','I','10.122.65.193','admin'),(574,'2021-02-18 16:23:59','I','10.122.65.193','admin'),(575,'2021-02-22 10:20:54','I','10.122.65.193','admin'),(576,'2021-02-22 11:03:55','I','10.122.65.124','admin'),(577,'2021-02-22 15:12:50','I','10.122.65.193','admin'),(578,'2021-02-22 15:52:32','I','10.122.65.124','admin'),(579,'2021-02-23 10:48:40','I','10.10.10.54','admin'),(580,'2021-02-24 10:47:57','I','10.122.65.124','admin'),(581,'2021-02-24 15:53:14','I','10.122.65.124','admin'),(582,'2021-02-24 15:57:57','I','10.122.65.193','admin'),(583,'2021-02-25 11:00:59','I','10.122.65.193','admin'),(584,'2021-02-25 12:50:10','I','10.122.65.193','admin'),(585,'2021-02-26 10:52:51','I','10.122.65.124','admin'),(586,'2021-03-02 09:35:43','I','10.122.65.193','admin'),(587,'2021-03-02 11:20:27','I','10.122.65.124','admin'),(588,'2021-03-03 11:39:44','I','10.122.65.124','admin'),(589,'2021-03-05 16:03:57','I','10.122.65.239','admin'),(590,'2021-03-05 16:31:08','I','10.10.10.51','admin'),(591,'2021-03-08 07:09:37','I','10.122.65.208','admin'),(592,'2021-03-08 09:44:22','I','10.122.65.208','admin'),(593,'2021-03-08 11:00:14','I','10.122.65.146','admin'),(594,'2021-03-08 12:58:40','I','10.122.65.146','admin'),(595,'2021-03-09 10:09:29','I','10.122.65.208','admin'),(596,'2021-03-09 15:51:19','I','10.122.65.208','admin'),(597,'2021-03-10 10:52:09','I','10.122.65.208','admin'),(598,'2021-03-10 11:53:03','I','10.122.65.146','admin'),(599,'2021-03-10 19:50:44','I','10.122.65.208','admin'),(600,'2021-03-11 10:27:16','I','10.122.65.146','admin'),(601,'2021-03-11 10:52:30','I','10.10.10.51','admin'),(602,'2021-03-11 10:54:38','I','10.122.65.208','admin'),(603,'2021-03-17 10:36:10','I','10.122.65.146','admin'),(604,'2021-03-19 16:51:49','I','10.122.65.146','admin'),(605,'2021-03-22 14:10:25','I','10.122.65.217','admin'),(606,'2021-03-23 15:19:44','I','10.122.65.217','admin'),(607,'2021-03-23 16:43:41','I','10.122.65.217','admin'),(608,'2021-03-24 10:36:26','I','10.122.65.217','admin'),(609,'2021-03-24 15:43:00','I','10.122.65.217','admin'),(610,'2021-03-25 09:33:53','I','10.10.10.55','admin'),(611,'2021-03-25 09:36:58','I','10.10.10.55','admin'),(612,'2021-03-26 08:19:15','I','10.122.65.217','admin'),(613,'2021-03-26 11:25:00','I','10.122.65.217','admin'),(614,'2021-03-26 13:36:25','I','10.122.65.217','admin');
/*!40000 ALTER TABLE `user_history_tb` ENABLE KEYS */;
UNLOCK TABLES;
/*!40103 SET TIME_ZONE=@OLD_TIME_ZONE */;

/*!40101 SET SQL_MODE=@OLD_SQL_MODE */;
/*!40014 SET FOREIGN_KEY_CHECKS=@OLD_FOREIGN_KEY_CHECKS */;
/*!40014 SET UNIQUE_CHECKS=@OLD_UNIQUE_CHECKS */;
/*!40101 SET CHARACTER_SET_CLIENT=@OLD_CHARACTER_SET_CLIENT */;
/*!40101 SET CHARACTER_SET_RESULTS=@OLD_CHARACTER_SET_RESULTS */;
/*!40101 SET COLLATION_CONNECTION=@OLD_COLLATION_CONNECTION */;
/*!40111 SET SQL_NOTES=@OLD_SQL_NOTES */;

-- Dump completed on 2021-03-26 14:31:14
